Temperature,Humidity,SquareFootage,Occupancy,HVACUsage,LightingUsage,RenewableEnergy,Holiday,Day_Friday,Day_Monday,Day_Saturday,Day_Sunday,Day_Thursday,Day_Tuesday,Day_Wednesday,EnergyConsumption
0.05551436212655448,-0.23064152283190542,0.22770478036755187,0.14629047378065807,1,0,-1.4137222634636881,0,False,True,False,False,False,False,False,75.36437339539214
0.9697376417302149,1.0370963534041917,-0.3086902614282577,-1.250277295008442,1,1,0.7662916494766664,0,False,False,True,False,False,False,False,83.40185495035139
1.3127635576350614,1.5869418748948498,0.8868713936572734,-0.9011353528111669,0,0,-0.9572842078256292,0,False,False,False,True,False,False,False,78.27088774061066
-1.7286813544280248,0.5844313689569033,-0.1655926869169256,-1.250277295008442,0,1,-0.7446472384105827,0,False,False,False,False,False,False,True,56.51985048548002
-0.6646844856762678,0.7053740805448985,-1.4081091116905793,1.5428582425697581,1,0,-1.3797156328203806,0,True,False,False,False,False,False,False,70.81173246793318
1.6202161170032148,-1.0066360985833034,1.2892452393201925,0.4954324159779331,0,0,0.2852902600718588,1,False,False,False,True,False,False,False,84.32188519433718
0.05259899762918462,-1.137544873105717,0.37099602166757467,0.4954324159779331,1,0,1.0446541965061467,1,True,False,False,False,False,False,False,76.16579090213895
-0.6345356328739863,-1.610812049157634,0.4644974903633212,1.193716300372483,0,0,1.416716305335994,1,False,False,False,False,True,False,False,74.1319061773031
0.14458933208899719,0.11790888743254498,-0.9010271452978702,0.4954324159779331,1,0,-1.4671571458915538,0,False,False,False,True,False,False,False,78.20623587095885
-0.9767392709797376,-1.5240739474262057,0.7124034773591317,-1.250277295008442,1,0,1.6023782337797048,0,False,False,False,False,False,True,False,77.99221370196022
1.087237609587242,-1.0504184839527755,-0.5501190349955636,-0.9011353528111669,0,0,-1.6908427209142014,1,False,True,False,False,False,False,False,82.27443448386548
-0.5499975142156319,-1.7461761995179776,0.3620362540701097,0.4954324159779331,1,1,0.5029701743308475,1,False,False,False,False,True,False,False,73.27866950427382
0.1434921854757175,0.25903679714582717,-0.8860771987690287,-1.250277295008442,1,0,0.762408976214413,1,False,False,False,False,False,True,False,84.14477565753458
-1.7363456669523623,-0.41502263287319835,1.0614882955169729,-0.9011353528111669,0,0,-1.000723052596647,1,True,False,False,False,False,False,False,60.0225185622203
0.6170132348561165,-0.9510134341205628,-0.27856587782584025,0.4954324159779331,0,0,-0.34989127270798515,1,True,False,False,False,False,False,False,81.18318756246354
-1.0163476409596808,1.2571008565507473,-1.2323186280506344,1.193716300372483,0,1,-0.48412994298242107,0,False,False,False,True,False,False,False,74.081256288494
1.5318833522339201,1.3575154826645068,0.4190770920557152,-1.5994192372057168,1,1,0.03674256650188682,0,True,False,False,False,False,False,False,89.4982076601557
-0.4371747257713566,-0.3698999166463667,-0.2999132540512342,-1.250277295008442,1,0,-1.2803385466414359,1,False,False,False,True,False,False,False,72.87244263642421
0.8965701777646937,0.2087013599774225,1.1521905096402205,1.5428582425697581,1,0,0.521206102994848,0,False,False,False,False,True,False,False,83.8998965998896
0.9343777616257641,-1.086964700276123,-0.862020947606164,-0.20285146841661691,1,1,-0.7189497244820702,1,False,False,False,False,False,False,True,82.07757940317406
1.3130166745171528,1.7072331024714944,-1.0017901637141278,1.5428582425697581,1,1,-0.3922459690952786,1,True,False,False,False,False,False,False,94.236287728335
-1.368721166523256,-1.7590171000245587,0.6141809068862737,-0.551993410613892,0,0,-0.07042338402084515,1,False,False,False,True,False,False,False,59.672380432970826
-0.6986967572011963,-0.2063537528202299,-0.9426084912919006,-1.250277295008442,0,0,-1.2389080694050025,0,False,False,True,False,False,False,False,70.23522761734993
-0.08216339124354965,1.388365283412994,-0.8545449529983415,0.4954324159779331,1,1,-1.6555973243507998,0,False,False,False,False,False,True,False,78.39420777459377
0.6162522958336226,0.0938002732257096,0.11737083704843401,1.193716300372483,1,0,0.39446368423893674,0,False,False,False,False,False,False,True,87.84164465666763
-0.8485841872563714,1.4509308158297718,-1.5951673503697885,1.193716300372483,0,1,-0.7122160514196669,1,False,False,False,False,False,True,False,72.92984426206768
0.715759566359913,0.8505534284851346,0.697955465937211,1.5428582425697581,1,1,1.0202480648287187,0,False,False,False,False,True,False,False,86.66909405376278
0.5600468743184134,-0.2425350600255062,-1.2973382132757831,0.8445743581752081,0,1,-1.3944230801633324,0,False,False,False,False,True,False,False,80.41142775984329
-1.115156266070711,1.345890165754086,-0.7299860464004273,-0.551993410613892,0,1,1.1875434229519097,1,False,False,False,False,False,True,False,64.21209800102363
-0.6212093770892271,0.07968243931178785,0.5184565355257887,-0.9011353528111669,0,1,0.35894297393046287,0,False,False,False,False,False,True,False,74.16033755004982
1.3731063091672298,-1.5963416067726517,1.342987544327025,0.14629047378065807,1,1,1.0680063535082684,1,False,False,False,False,False,True,False,81.04958057295511
-1.4631054651974704,0.6754944625933323,-1.3991843950365495,-1.250277295008442,1,0,0.7701486571349405,0,False,False,True,False,False,False,False,70.30817192579988
0.8759214586776749,-1.227816464961096,-0.030403437431371153,1.5428582425697581,1,0,-1.1996822691504705,0,False,False,False,False,True,False,False,82.28439185280472
-1.5371651464927283,0.5578179733293106,-1.6081546095804782,0.4954324159779331,0,1,-1.6885590430579889,0,False,False,True,False,False,False,False,59.847392688307885
0.8227267477263278,-0.2888384504884672,1.305899910824834,-0.20285146841661691,1,0,-1.5959975952302172,1,False,False,False,False,False,True,False,82.50403686398842
0.861628164075793,-1.5268545471359851,-1.1961593402018684,1.5428582425697581,1,0,-0.7969606499892441,1,False,True,False,False,False,False,False,82.78244589126273
-0.3184235967411332,1.021726398112392,1.2150550244757472,0.8445743581752081,0,0,0.6781413198298812,1,False,False,False,False,False,True,False,74.67411328167944
1.7393488302092432,0.9331383093713574,1.4712832544526175,-1.5994192372057168,1,0,1.2257837636885687,0,False,False,False,False,True,False,False,86.88913818269737
-0.16246323528002393,-0.3663028196352089,0.5372567472721069,0.8445743581752081,1,0,-1.5427070959318394,1,False,False,True,False,False,False,False,78.54242641942929
-1.0873975752453824,0.38029806506241964,1.5919231296581802,-0.20285146841661691,1,1,0.5816959212514937,1,False,True,False,False,False,False,False,77.22845715853467
-0.5169448802940607,0.8193114989402636,0.05937412062003756,0.8445743581752081,1,0,-0.785007129105175,1,False,False,True,False,False,False,False,73.73515145603137
0.7639368854698222,-0.26713335325472065,-0.705822372589395,1.193716300372483,1,0,0.21325882363009918,1,False,False,True,False,False,False,False,91.84340824868656
-0.4964580794204584,0.8756974393896003,-0.028349438808950203,-0.9011353528111669,0,0,1.0670995697558145,0,False,False,False,False,True,False,False,73.35070513237227
-1.5750129895898086,-0.5257896631216307,-1.33838474787015,1.193716300372483,0,1,0.6127390831223558,1,False,True,False,False,False,False,False,66.20209750906106
-0.6428779994129794,-1.4454229435367398,-1.0981156590582943,0.4954324159779331,0,1,0.05971250958556304,1,True,False,False,False,False,False,False,77.85177634998958
1.7655233783064668,0.6813224209594257,0.05793161528617078,-0.9011353528111669,1,0,0.11121006728507837,0,False,True,False,False,False,False,False,90.98147610427824
-0.7416783127994712,-1.7660924587165094,-1.1703878932609268,0.8445743581752081,1,1,-0.1993096433896013,1,False,True,False,False,False,False,False,81.91707933111346
-0.12839937531692708,0.4281815581553917,0.575809117808552,0.4954324159779331,0,1,0.7398398648932665,1,False,False,False,False,False,True,False,70.22461753933254
0.8360826866670601,-1.072994011626165,-1.6479199246655398,0.4954324159779331,0,1,0.8056025616826674,0,False,False,True,False,False,False,False,88.73376918202806
1.5711061639687571,0.4055410198658665,-0.9226171675865148,-0.9011353528111669,0,0,-0.9689294285535947,1,False,False,False,False,True,False,False,76.55502512631448
-1.1384511898611662,0.016821759959224185,0.05125164398374768,-0.20285146841661691,0,0,-0.604777168780385,0,False,False,False,False,False,True,False,62.05505493579667
-1.007893498808721,0.2288414815275096,1.4537093021746297,0.4954324159779331,0,0,-1.1188864608707911,0,True,False,False,False,False,False,False,62.00189386466329
-1.2898392109473436,-1.3835404443296975,1.239151304807017,1.5428582425697581,1,1,-0.1840574374822465,1,False,False,False,False,False,True,False,80.45212742101157
-1.0210843808157424,-0.1828020943942128,-0.6051600376815637,0.14629047378065807,0,0,-0.3269436979197689,0,False,True,False,False,False,False,False,64.71822006448231
1.7545315151465573,1.338093888951226,1.2650432712508561,1.193716300372483,1,0,-1.1661642356556647,1,True,False,False,False,False,False,False,91.87196450897233
-0.8871906663785488,-0.019613545141171942,1.397109897947072,0.4954324159779331,0,1,-1.6651273470414338,0,False,False,True,False,False,False,False,69.69226303092958
-1.3689257902453065,0.8585640400459075,1.3763389237293322,0.8445743581752081,0,0,1.1296483160304656,0,False,False,False,False,False,True,False,63.85097612559908
0.014521986504037156,-0.21244724245519567,-0.22730469873922204,-1.250277295008442,0,0,-1.482309826193291,1,False,False,False,False,True,False,False,68.80528577996184
-0.14841064017123842,-0.981378831019764,0.657022672833184,-0.551993410613892,0,0,0.7091310528399146,1,False,False,False,False,True,False,False,76.30130928798148
0.8333392518187442,-1.3755258315070094,-1.08382329015271,-0.9011353528111669,0,1,0.2895530841899941,0,False,False,True,False,False,False,False,84.03868416047865
0.43288272437166314,-0.5430417545884828,-1.6004730365568445,-1.250277295008442,0,0,-0.04039313145250954,0,False,True,False,False,False,False,False,77.67379217139589
0.4333295183998682,-0.38888632546553603,-1.39191285853938,0.8445743581752081,0,0,-1.553355159639423,1,False,False,False,True,False,False,False,78.9122501589774
-1.2274323991823473,-0.23983345320765706,0.16115104340579764,1.5428582425697581,0,0,0.6432606297304867,1,False,False,False,False,False,True,False,64.04242487840129
0.14132566098945745,0.7642466035456025,-0.5178947045216226,-1.5994192372057168,0,0,1.4431355103120425,0,False,False,False,False,False,True,False,78.18728130362722
-1.332620605312983,0.4950245437934735,0.10269591623245304,0.8445743581752081,0,1,0.2350292971129175,0,False,False,False,False,False,True,False,63.39384819262403
-1.217370832652742,-0.3967903048818654,0.5567010180245644,1.193716300372483,1,0,-0.853033145431889,0,False,False,False,True,False,False,False,76.1061781008304
-0.1693713275689541,0.3744018478848734,0.456447473516889,1.5428582425697581,0,0,1.094037416423136,1,False,True,False,False,False,False,False,60.14423797781192
-0.24380872053752464,-0.9874373172949972,1.2049036121137662,0.4954324159779331,1,0,-0.4779085097413286,0,False,False,False,False,True,False,False,80.19264551142784
0.8304185385655328,0.6437456652766486,-1.2382196606108617,0.8445743581752081,1,1,1.428771981615239,1,False,False,False,False,False,False,True,86.22364506793032
-1.4975891496186586,0.3653968689511093,1.1672555638402144,-0.20285146841661691,0,1,-0.6677738330594969,0,True,False,False,False,False,False,False,53.26327834004948
-0.7738393022939828,-0.16963281712922382,-1.2697956649296598,0.4954324159779331,0,0,0.5982662169591563,1,False,True,False,False,False,False,False,64.963183670906
-1.1741031520124041,1.2615480960975782,-1.2469045289282306,1.193716300372483,0,1,0.5010613455793198,0,False,False,False,False,False,True,False,66.43892064888173
0.03486422044609459,1.6766551429494663,1.3794128850731413,1.193716300372483,0,0,-0.08476913058043321,0,True,False,False,False,False,False,False,75.91390632236421
0.28584198222815566,-1.350989564882534,1.2133467850938728,0.8445743581752081,1,0,1.228977164260979,1,False,False,False,False,False,False,True,84.1914674081221
0.49518149492661784,-0.2465909363714317,1.2194803811741515,0.14629047378065807,1,0,0.26759029634313747,1,False,False,False,True,False,False,False,75.25176382432235
-1.0022353522965375,0.47323950353416344,-1.605571767248733,0.8445743581752081,0,1,-1.3502084480203398,1,False,False,False,False,False,True,False,75.0144709786204
-0.2843482312475329,-0.42224445214313,-1.0456253703529916,0.4954324159779331,0,0,0.38183320221216244,0,False,False,False,True,False,False,False,69.36574478049252
-0.1107007994153604,-0.2647792705469837,-0.6562408142570447,-1.5994192372057168,0,1,0.8926617112614376,1,False,False,True,False,False,False,False,78.04604233404717
-1.4640927769203798,0.7980091765003688,0.9436599457392119,0.8445743581752081,0,0,0.7525425039955058,1,False,False,False,False,True,False,False,67.48478775030759
0.2541775039205026,0.9303081299122077,-1.5600918122907166,1.193716300372483,1,0,1.33663988512296,0,False,False,False,True,False,False,False,78.25428789721424
-0.9511254574802109,-0.5561592577644047,0.6550640243336321,-0.20285146841661691,1,1,0.49455203998581115,0,False,False,False,False,False,True,False,74.84338094009375
-1.6310497398247257,0.8880297974717749,-1.2133128828501194,1.193716300372483,1,0,0.6789989332215753,0,False,True,False,False,False,False,False,64.64191192860432
1.644641111675129,-0.3384528343650799,-0.2860440076127161,0.8445743581752081,1,1,-0.8438440804863616,0,True,False,False,False,False,False,False,89.08843429796624
-1.4937505921890628,-0.7084668819489092,1.4122473907024697,-1.5994192372057168,1,1,-0.3703310876944667,0,False,True,False,False,False,False,False,73.15432864841176
0.8191968233586613,0.3758765305006823,-0.5261467019522281,0.8445743581752081,0,1,-1.4965470565197738,0,False,False,False,False,False,False,True,72.1170986136019
0.015614184970607686,0.3171038321767268,0.7338726728760303,0.8445743581752081,1,1,-1.7239503587181373,1,False,False,False,True,False,False,False,76.72156432900981
-1.4304413885925273,0.09277322709560508,0.4145344436969387,0.8445743581752081,0,1,0.1894265514701951,1,False,False,True,False,False,False,False,65.97246106658439
0.09080356639124881,-0.2721247338323521,0.3529992460590155,-0.551993410613892,0,0,-1.708836776321752,1,False,False,False,False,True,False,False,61.53670969150112
-0.22566116496911756,0.23612784353052393,-1.3787088797460305,1.193716300372483,0,0,-1.5805541723589205,1,True,False,False,False,False,False,False,77.38447783546265
0.17568326134076173,1.1657531018663099,-0.3183544943334774,0.8445743581752081,1,0,0.9153086567562793,1,False,False,False,False,True,False,False,76.07661992033586
1.5405218109726835,-1.7041265437253281,-1.5784114214389913,-1.250277295008442,0,0,1.4052444291370048,1,False,False,False,True,False,False,False,74.8678736943382
1.752282680408463,-0.3488288590437832,0.623435661604506,-0.20285146841661691,0,1,-0.13494543370393114,1,True,False,False,False,False,False,False,86.28935401350225
0.5788024507834354,-0.9003569764171006,-0.4815120519442362,0.4954324159779331,0,0,1.3809381252621058,0,False,False,False,True,False,False,False,83.87525695191415
-0.5081144770028974,-1.2755090132347577,0.7362052013676113,1.193716300372483,0,0,1.6176645992588432,1,False,False,False,False,False,False,True,83.45804939133072
-0.20824211140102947,0.8971305588752321,1.6745537761434213,1.193716300372483,1,1,0.6125757675471666,0,False,False,False,True,False,False,False,81.99682840223484
0.9780285308518878,-0.6515016677053076,-0.5018383666951933,1.193716300372483,1,0,-0.9482593515302785,1,False,False,False,False,False,False,True,86.64692164178189
0.4602051219717627,-0.5506576448399231,-0.40144786021154205,-0.551993410613892,1,1,-0.6199450129843997,1,False,True,False,False,False,False,False,75.98238074965289
-1.4114668967246553,1.4939222388864994,-1.112017033469523,1.5428582425697581,0,0,-0.7499187316001742,0,True,False,False,False,False,False,False,70.71436235851863
0.5409527782664091,1.557464409898332,-0.3828094935462071,1.193716300372483,0,0,1.2356614207000813,0,False,True,False,False,False,False,False,81.7455295095431
1.659054194005079,-1.338377566969235,-0.2795612931410841,0.14629047378065807,1,1,-0.364771812170647,1,False,False,False,True,False,False,False,85.18255250346287
-0.9213789948832293,1.0560214662727796,-1.1549899163196224,1.5428582425697581,1,0,1.1340714060701484,1,False,False,False,False,False,False,True,75.29040593436996
-0.3720029859355587,0.9724830209990559,-1.0644414522157266,1.5428582425697581,1,1,-0.9855912884079185,0,False,False,False,False,True,False,False,85.18197378804605
-1.465517607702443,-0.7276636751628518,0.2548229536855396,1.5428582425697581,1,1,1.43052231027479,0,True,False,False,False,False,False,False,72.76703721222391
1.1474381299773238,1.09283013555447,-0.27893948104157085,0.14629047378065807,0,1,0.7156699670888901,0,False,True,False,False,False,False,False,81.81977544986103
-0.7360655959296238,1.0240832237053321,-0.4703202573673055,0.4954324159779331,1,1,-0.4968950565785161,1,False,False,False,True,False,False,False,78.64588465860416
-1.1786727999520918,1.6460838117354037,-0.839324553670074,-1.5994192372057168,0,1,1.6844749927490743,0,False,False,True,False,False,False,False,66.95161483968974
-1.1817165421246365,0.596697807504126,1.348190428183593,-0.20285146841661691,0,0,-1.082168826670661,0,False,False,False,False,False,True,False,71.17906441062561
-0.7767388155400979,1.5484820908356483,-0.9495589817818637,-1.250277295008442,0,0,1.1528011879775737,0,False,True,False,False,False,False,False,63.861910204942966
-1.7321532274526472,1.011572589732248,-0.1463471190883933,0.14629047378065807,1,1,-1.1955545327644204,1,True,False,False,False,False,False,False,61.130942848363965
0.883650362925374,-0.8081259210276942,-1.283549167399479,-0.9011353528111669,0,1,-0.7231311082214608,1,False,False,False,False,False,True,False,79.72428614261031
1.2541735536263763,0.5367740710235452,0.04192382356828609,-0.20285146841661691,0,1,-0.6090516621879212,1,False,False,False,True,False,False,False,81.89398685671573
1.507706568224079,-0.846910844931536,-0.7148687024706158,-1.250277295008442,0,1,0.6898292771239336,0,False,False,True,False,False,False,False,85.36040306812063
-0.6914564774316886,0.2913195446471549,0.38415070215549496,1.193716300372483,1,0,1.478120677621966,1,False,False,False,False,False,False,True,77.77646909816677
-0.0848980884184092,-0.8660331738360839,1.3767718365085435,-0.9011353528111669,1,1,0.9266176778714659,0,False,True,False,False,False,False,False,87.74800460069132
0.8538837080225153,-1.452064042610612,-0.9113063411966152,0.14629047378065807,0,0,-0.10676100193501825,1,False,False,False,True,False,False,False,72.3960115782119
0.5376064183292324,1.2651399857601167,-0.6924279358683673,-0.551993410613892,0,0,-0.263181692806983,0,False,False,False,False,False,True,False,69.56901196476844
-0.8132269902921577,0.21909754103638476,-1.6019365626129187,0.4954324159779331,0,0,0.667329678449445,1,False,False,False,False,False,True,False,73.2522162580531
-0.3841791459657383,0.4697397571575088,1.343803837029767,1.5428582425697581,0,0,-1.3798597828817698,1,False,False,False,False,False,True,False,75.81440197116459
1.4355427489752577,-0.7411621462536936,-0.9650720052921318,1.193716300372483,0,0,-0.8875792720681598,0,False,False,False,False,False,True,False,86.53486772687651
0.8204732634528521,1.546984585943393,-0.9034170316486199,1.193716300372483,0,1,0.8097143062542423,1,False,True,False,False,False,False,False,81.19093782580337
-1.4881564204032873,-1.7489626158459806,0.8185334114266165,-0.20285146841661691,1,0,-0.7209826124400427,0,False,False,False,False,False,False,True,76.93645309620132
-1.029559007844867,1.429696193731835,-1.0256906430277954,-1.250277295008442,0,0,-1.117479302920654,0,False,False,False,True,False,False,False,64.5953373760119
1.3758604888463468,-0.6760991812440084,0.34688742858508964,1.5428582425697581,0,1,-1.0594981281817872,0,False,False,True,False,False,False,False,81.1090189124048
-0.30153275583673955,0.3016711734531031,-1.0821223293988231,-0.551993410613892,1,1,1.465659109270363,1,False,False,False,True,False,False,False,70.25774284987176
-1.035791822753032,-1.417693227545576,0.8152917399466955,-1.5994192372057168,1,1,-0.04026762785984633,0,False,False,False,False,False,True,False,65.98142190071894
-0.5335035785222051,-1.6689372849033515,1.1895509079278384,-0.20285146841661691,1,1,-1.265926765514871,1,False,False,False,False,True,False,False,76.19515389291618
-0.3033179277323159,-1.0769789041856075,0.4741557997890794,-1.250277295008442,0,0,-0.38382749688008055,1,False,False,False,False,True,False,False,72.16382017990225
0.9066765287262362,-1.275124221673999,-1.4811789930464305,-0.551993410613892,0,0,0.2823023310173568,0,False,True,False,False,False,False,False,74.11809532316923
-1.2877004235168554,-0.9921426024756212,0.06226048724353343,-0.9011353528111669,1,0,-0.6436266132202969,0,False,False,True,False,False,False,False,73.92814359788368
1.2577223079058812,-1.2614233844444753,-1.3986491205398655,-0.551993410613892,1,0,0.8800058678183955,0,False,False,False,False,False,False,True,80.51166202577497
-0.41755362916487215,1.6397486413990605,-1.2546219393391653,-0.9011353528111669,0,1,1.0391433680203486,0,True,False,False,False,False,False,False,68.56408772167514
-0.07520770085312731,0.09704230241332264,-1.4736325744330512,-0.20285146841661691,0,1,0.3144920134614049,0,True,False,False,False,False,False,False,71.4275936133967
-1.2980351988948766,0.7875956328010933,1.4741058170556411,-1.5994192372057168,1,0,1.0603243060328844,0,False,False,False,False,True,False,False,64.0769676381083
-0.7970754634350122,-1.1152277814602392,-0.9383222546793528,-1.250277295008442,0,1,-0.8434660592281903,0,False,False,False,False,False,True,False,57.48444204410177
1.5787206005303944,1.2928359438646801,0.7789227504466775,1.5428582425697581,0,0,-1.570983842944571,0,False,False,False,False,False,False,True,82.59776720138095
-0.08410397543286455,-0.2484996927035969,-0.8580078275705583,-0.9011353528111669,0,0,1.2618473381472743,1,False,False,False,False,True,False,False,77.51805130415416
-1.2194830501578906,-1.4257979410074186,-0.41056801199601395,0.8445743581752081,0,0,-0.4099704468888136,0,False,False,False,False,False,True,False,71.01713960978869
0.1902511643539914,0.3382844722186989,-0.6915224987429521,-1.5994192372057168,0,0,-0.5704702064252153,1,False,False,True,False,False,False,False,64.69791035517181
0.4319151955646833,0.12168542764690672,0.5518890418345159,1.5428582425697581,1,0,-0.5192312475856149,0,False,True,False,False,False,False,False,76.30888108689255
1.237286160437262,-0.10468676567832576,1.1958205102524075,-1.5994192372057168,0,1,1.6264053080883925,1,True,False,False,False,False,False,False,80.0038474890762
-0.24558454474495098,-0.6702401841330526,-1.0586241959315674,-0.551993410613892,0,0,0.9445076148467756,1,True,False,False,False,False,False,False,72.10407562222572
1.6219203099930606,0.0025579253297902172,-0.34687071632038313,0.4954324159779331,1,0,1.4776093829189156,1,False,False,False,False,True,False,False,93.78946764246312
-1.0669003147806684,0.04553457328134152,0.0696905181843515,0.8445743581752081,1,1,1.5248644536508602,0,False,False,False,False,False,False,True,78.13896312348292
0.06484610096717314,-0.6801557181266873,0.06966826454277393,-0.551993410613892,1,1,-1.3955749681911709,0,False,False,False,False,False,False,True,87.32448956439137
-0.34071863600234453,0.298911333242346,0.2366869828548141,-0.551993410613892,0,0,-0.015898354258753956,1,False,False,False,True,False,False,False,74.17904403679803
-0.7737315767947807,-1.3291613179798725,0.7315827959452429,-1.5994192372057168,0,1,0.32184688548318097,0,False,False,False,False,True,False,False,69.91514117978062
0.37344186526025464,0.2516629067665365,-0.020068599795440054,1.193716300372483,1,1,-0.43160108808003417,1,False,False,False,False,True,False,False,91.59435479545417
-1.4760726085777742,-1.2900192573187628,-0.7131838121360325,0.14629047378065807,0,0,1.283150049258353,1,False,False,False,False,True,False,False,76.13895450681913
-0.010773392876080708,-1.1406673618072685,0.37358972762450143,1.5428582425697581,1,1,0.5563960654097476,0,False,True,False,False,False,False,False,70.97691337938971
-0.08510396861656623,0.0867315114911549,0.09861841690818657,-0.20285146841661691,1,1,1.275701464862715,0,False,True,False,False,False,False,False,79.4339400188436
0.8379777288353758,-1.0843089375289467,-1.546723169061549,-0.551993410613892,0,1,1.4440231144193483,0,False,False,False,False,False,True,False,77.65217034892018
-0.7220994682146958,-1.336353589242633,-1.4502495000866809,-0.551993410613892,1,1,-0.6375504615352348,1,False,False,False,False,True,False,False,74.11609389205148
-0.9914321654534782,-0.5043996028156882,-0.5661379315230183,-0.20285146841661691,0,1,0.4110821278338873,0,True,False,False,False,False,False,False,67.63764065291417
-1.032019496992781,0.2248904018483053,-0.6453733086042643,0.4954324159779331,1,1,1.6503845653525173,1,False,False,False,False,False,False,True,72.59022722499552
1.7064344650146865,-0.9821856983939332,0.5470899402170151,0.4954324159779331,0,1,1.5675502376633077,0,False,False,False,True,False,False,False,85.12072843207085
-0.15968975303507002,-0.6936240755687993,0.30483875702209207,-1.5994192372057168,1,0,0.09047351438629359,0,False,False,False,False,False,False,True,76.92758507734762
1.624029399198713,0.9959197938401868,0.36236878654010296,-1.250277295008442,1,0,1.206194984454893,1,True,False,False,False,False,False,False,82.96293306052968
1.4033278261876592,-0.17756060215842528,0.6479491216932326,-1.5994192372057168,1,1,-1.0078701622484787,1,True,False,False,False,False,False,False,77.22008603312915
-0.20207013014174824,-0.24423347445564578,-0.6543621731502155,-0.551993410613892,0,0,0.6015704121701949,0,False,False,False,True,False,False,False,71.13106167742689
-0.31120714212792855,-0.03672385921590667,0.8609282764877437,-0.9011353528111669,0,1,1.3847263779373267,0,False,False,True,False,False,False,False,69.27222198435854
0.5740275092784508,1.6832358282684579,1.0280710450358377,0.8445743581752081,0,1,-0.1335874030175291,0,False,False,False,True,False,False,False,82.23684827593902
1.53690461864721,0.07822889968004006,0.9534029067640607,0.14629047378065807,1,0,0.03177361646624853,1,False,False,True,False,False,False,False,83.33161598574218
1.0803801590822055,-0.7130071688818242,-1.317236928247266,-0.551993410613892,1,0,0.6982206355652717,1,False,False,False,False,True,False,False,95.0709621683288
-0.0836815499914143,-1.7884434460918044,1.2697492701362219,-1.5994192372057168,1,1,-0.7450372329719185,0,False,False,False,False,False,False,True,79.80025010450828
-0.015020696615849255,-0.576164742393984,0.12687316412184724,-0.20285146841661691,1,0,-0.41716177642221075,0,False,False,False,False,False,True,False,78.73050081593509
-0.8563340512410113,-0.5105591039901262,-0.6344337704779781,-1.250277295008442,1,1,0.006489470840936304,1,False,True,False,False,False,False,False,85.42767734648194
0.3854494317831545,-1.1601295708637966,0.1104253531466254,0.4954324159779331,0,1,-1.0082444425265804,0,False,False,False,False,True,False,False,84.03168982758035
-1.5339239319890798,0.6526429938752746,-1.719353322159755,0.14629047378065807,1,1,1.2842351564168137,0,False,False,False,False,False,True,False,72.89058361910637
0.2584115883840574,-0.3636965006694895,1.7315145773821752,-1.250277295008442,1,1,1.6510873015407497,0,False,False,True,False,False,False,False,75.6149818889058
-1.43443227843413,-1.60726826643172,-0.04603811354191319,0.14629047378065807,0,1,-1.2384486812258269,0,True,False,False,False,False,False,False,71.7896472154404
0.07875881930121448,0.3822225434064845,0.11501422851953157,-0.551993410613892,0,0,-1.2672900076281959,0,False,False,False,False,False,False,True,63.00815765839373
0.3507395357675592,-0.8116908277837738,0.33084841858719805,-0.20285146841661691,1,1,0.12267760924755922,0,False,False,False,False,False,True,False,94.55062457295648
0.967890716394261,0.9329534780544511,0.8730221485966388,-0.9011353528111669,1,0,0.7452397859784194,1,False,False,False,False,False,False,True,83.5768305363592
0.09490408504726748,-1.3812011731615637,1.1198538244970089,-0.20285146841661691,1,1,-1.220623501279918,1,False,True,False,False,False,False,False,84.69317340818874
0.49753460917739073,0.886838420730261,-0.3917615483672001,-0.9011353528111669,0,0,-1.1968646643045218,0,False,False,False,True,False,False,False,78.58613842129708
0.1487049485151151,-0.8431716663616327,0.832121050457118,-0.9011353528111669,1,0,1.5999586450624337,0,False,False,False,False,False,True,False,75.64668454750125
-0.8204050421910246,1.0298030020437414,-1.4346615758699033,0.8445743581752081,0,1,-0.7267652344585316,1,False,False,False,False,False,False,True,73.2068674222959
-0.6603022023322261,0.9908211742522219,-0.05613046290698729,-1.250277295008442,1,0,1.4905467262054097,0,False,False,False,False,False,True,False,74.33393532360886
-0.1944378120092398,-0.9509487725228049,-0.26625269033329635,1.5428582425697581,1,1,0.4589979433408493,1,False,True,False,False,False,False,False,81.30053662729328
-0.42799765129830775,0.43340263111046656,-0.6507892610604935,0.8445743581752081,1,0,0.18538574379499884,0,False,False,False,False,True,False,False,78.22920748795471
0.24375747199601724,1.1793667198283666,-0.5083097045915953,-1.5994192372057168,0,0,-0.10039020647820508,0,False,False,True,False,False,False,False,75.41031586036098
-0.3009329339722611,1.3548851249489753,0.57813351667296,-0.551993410613892,1,1,1.1101766040208942,0,False,False,False,True,False,False,False,71.18623045897634
1.6053971567626928,-1.1858940768949784,1.5585346269258211,-0.9011353528111669,0,1,-0.6252754605575988,1,False,False,False,False,False,True,False,92.8609254933263
0.3473065801747481,-0.7823685975353817,0.40414941919868574,0.8445743581752081,1,1,1.4019758204183075,0,False,False,False,False,True,False,False,82.10276684430163
-0.08505444692702038,-0.0004287002113615873,0.6439074159923799,-0.20285146841661691,1,1,0.16485056682674035,1,True,False,False,False,False,False,False,78.28652837883581
1.7538670446994593,1.1393461723575216,-1.3627613062212665,0.14629047378065807,0,0,1.356880259951328,0,True,False,False,False,False,False,False,86.08746919457022
-0.962142427467695,-0.6624607902842691,1.3842183766461147,0.8445743581752081,1,0,1.3492032865209018,1,False,False,True,False,False,False,False,74.57680497677092
-0.15475876715730508,-1.6520094472646232,0.19636364384151503,1.5428582425697581,1,1,-0.6267558779200754,1,False,False,False,False,True,False,False,90.53846528743108
-0.22573276132226236,-0.21808809129509465,-0.581962662736314,-0.551993410613892,1,0,1.1233100730479055,1,False,False,False,True,False,False,False,76.76832119015009
0.9252737187137913,1.5417165669067523,0.25417268940001914,1.193716300372483,0,1,-0.5811809689417575,0,False,True,False,False,False,False,False,86.41515216046992
0.2586328166620834,1.4385720921822847,0.4292094307664723,0.14629047378065807,1,1,1.3506499531644773,0,False,True,False,False,False,False,False,76.19438265142527
0.6695756255331301,0.7314543586434569,-1.324726374549397,-0.20285146841661691,0,1,0.1450992829611538,0,False,False,False,False,False,True,False,76.9339196411834
-0.30410257186557493,-0.4897206938916816,-0.7248092215434343,-1.5994192372057168,0,1,-1.515183182579418,1,False,False,False,False,True,False,False,71.05504380693068
-0.9902536688132665,-0.9079046229294302,0.22939464660114534,1.5428582425697581,0,1,0.04070464372794951,1,True,False,False,False,False,False,False,77.39615132557863
-1.2390916073787601,-1.2768826203716417,0.5789152411710381,1.193716300372483,0,1,1.585278776682524,0,False,False,False,True,False,False,False,70.65426607453617
-0.8587680288706623,0.0848936649677541,0.7704567672149664,-0.551993410613892,1,0,0.2738451372325818,0,False,False,False,False,False,False,True,67.80754950018792
-0.36074456137844835,-1.6661217405039725,0.7995105325862376,-0.9011353528111669,1,1,-1.4860290470676663,1,False,False,False,False,False,True,False,72.0717496237688
-1.5156729914487073,-0.811239085379215,-0.7476250866877135,-1.5994192372057168,1,0,-0.1855974478509552,1,False,False,False,False,True,False,False,59.60890188505656
1.0644977905762998,1.457321934591553,-0.722493464845387,0.8445743581752081,1,1,-1.1243694418069163,1,False,False,False,False,True,False,False,90.01159284299351
-1.5146704923785619,-1.3380602901325225,1.047291943371532,0.4954324159779331,1,0,-1.4493675682418439,0,True,False,False,False,False,False,False,73.37704700964338
-1.625527388776305,0.49679258434095314,-0.2543525575379425,-0.20285146841661691,0,0,-0.9672219361874659,1,False,False,True,False,False,False,False,70.97874709212677
-1.0541901453442186,0.17238339118817375,0.20513760982708412,-0.551993410613892,1,1,-0.05563548758927951,0,True,False,False,False,False,False,False,74.3795743154023
-0.9731232675968626,0.5419750442273554,-0.6436214301525369,0.8445743581752081,0,1,-1.6559119786307295,0,False,False,False,False,True,False,False,67.64237008316105
-0.8236725654776709,-1.662283019301894,-0.466327925126063,-1.5994192372057168,0,1,0.858373859689207,1,True,False,False,False,False,False,False,71.53539589665067
-1.7058892415665385,1.0277924797021736,-1.6596959666877056,0.4954324159779331,0,0,0.5591382144675281,1,False,False,False,False,True,False,False,65.28898283111768
-0.3983842693914431,-1.2927006050154566,1.1416355594894436,-1.250277295008442,0,1,-1.609089254893131,0,True,False,False,False,False,False,False,72.43112712908069
0.6507394116795049,0.8787227893915694,-0.8235987250561061,-0.551993410613892,0,0,1.024903286076834,0,False,False,False,False,False,True,False,75.68903567876515
-1.4102030248816608,1.061863926673115,-0.4842606622891599,-1.5994192372057168,1,0,0.6648396612601639,0,False,False,False,False,True,False,False,71.77872060518372
0.6919282018344063,-1.5781999638070507,1.2009869947562608,-1.5994192372057168,1,1,-1.7233062864166213,0,False,False,True,False,False,False,False,80.04392593841625
-1.4330537107232162,-1.1481733853797504,0.1446351834400863,1.193716300372483,0,1,-1.554213069563172,1,True,False,False,False,False,False,False,75.3694376988319
1.3459883907857397,-0.9019007064227755,-1.4160706089599673,0.8445743581752081,1,1,-1.697009251669623,1,False,False,False,False,False,False,True,86.55059850127053
-0.17692794387123803,1.2916075577143071,-1.0939269408119676,0.8445743581752081,0,1,-1.0758079866926227,0,True,False,False,False,False,False,False,71.93814969843436
0.2331483692224826,0.7568492249114753,-1.0520898706340334,0.14629047378065807,1,0,-0.12760078187853913,1,False,False,False,False,False,True,False,87.13708266107015
-0.2697461235004326,0.9562758657145012,-0.6252469649269272,0.4954324159779331,1,0,1.320576575851763,1,True,False,False,False,False,False,False,73.58696136798733
1.0751911902770115,-1.7610691251190893,-1.0904118512888705,-0.9011353528111669,1,1,-0.19395486851992141,0,False,False,False,False,False,True,False,90.72509867918768
-0.5700696152226219,0.7775315848479727,0.2850370277735801,0.14629047378065807,1,1,0.3680045591797953,0,False,False,False,True,False,False,False,72.9962814909488
-0.6071779586383353,0.6520880208700635,-0.6029941729664328,0.14629047378065807,0,0,1.5679089379660986,0,False,False,False,False,True,False,False,85.68075277503624
-1.3516864859670594,0.6919007093133851,1.6646635357163326,1.193716300372483,0,1,0.15001073587687636,0,False,False,True,False,False,False,False,69.30518444855907
1.127003222001634,-0.5085218931655319,-0.3255883849267608,-1.5994192372057168,1,0,-0.9980733208808336,1,False,False,False,False,False,True,False,73.99983940485824
-1.4027966811259864,-1.4788276885030855,-1.0807260967715957,-0.20285146841661691,1,0,-1.6920390019410745,0,False,True,False,False,False,False,False,70.28576213853393
-1.419523188641939,1.064284455768783,1.045212078084024,0.4954324159779331,1,0,0.6576616863722599,0,False,True,False,False,False,False,False,75.17636554806667
0.7011592276137244,0.1348953966167789,0.8330912489613964,0.4954324159779331,1,1,-1.486322879818441,1,True,False,False,False,False,False,False,86.71559756482247
1.5527890615810012,0.5147007592455592,1.560969370101868,1.193716300372483,0,0,1.0326378869057378,1,False,True,False,False,False,False,False,90.45215551215163
-1.409295149014353,1.6764337757579635,0.9174062803065905,-0.9011353528111669,1,0,-0.7592840220260033,0,False,False,False,False,False,False,True,64.36966291489324
-0.7220265138908918,0.6014537046554513,-0.7473920453064363,0.8445743581752081,0,0,1.023530913917162,1,True,False,False,False,False,False,False,68.35678498918013
-1.297926773385824,-0.1762845153695594,-1.1891869691722383,-0.9011353528111669,1,0,0.6970661230662495,1,False,False,True,False,False,False,False,70.38082621458054
-0.35454377238946844,0.9519381097741432,-0.7608335034346032,-0.20285146841661691,0,1,-0.8906115530554127,1,True,False,False,False,False,False,False,77.70804435496895
0.24636917032319386,0.8570641637393912,0.5724233028296599,-0.551993410613892,0,0,-0.28029553656088113,0,False,True,False,False,False,False,False,68.52149457374996
1.169581797448641,-0.005928713792809355,1.4178694066353923,-1.5994192372057168,0,0,-0.4231440929015015,0,True,False,False,False,False,False,False,77.87769146042558
-0.24606033201583752,0.5901532071395972,-1.6771403137819334,-0.9011353528111669,1,1,-1.5316387981322555,1,True,False,False,False,False,False,False,77.73573441216783
0.9819729435787385,1.5397173506921966,-0.5489241462327357,-1.250277295008442,0,1,0.6781747225712397,1,False,False,True,False,False,False,False,83.24548578666972
-0.35578852225949154,0.16873341010544496,0.6868062872550602,1.193716300372483,1,1,-1.7303776510111872,1,False,False,False,False,False,True,False,80.3018182837614
-0.10163088258546946,-0.6394313879798488,1.2937738027451,-0.551993410613892,0,0,-0.4755214685790182,1,False,False,False,False,False,False,True,76.11191730004793
-0.16148318988269433,1.6536273603291722,0.3529340756395527,-0.9011353528111669,0,0,0.6089800818822035,0,False,False,False,False,False,False,True,64.04576014798012
-0.9308279827680132,-1.1221633539375016,-0.6331148558735962,0.8445743581752081,1,0,1.6282380358738087,1,True,False,False,False,False,False,False,77.01609483925165
-0.6325385749431985,1.5826504296304167,1.3181202430350767,0.14629047378065807,1,0,-0.6110177182057005,0,False,False,False,False,False,False,True,78.73329793345887
1.6711619072117838,-1.523461843102544,1.1668476418280578,0.14629047378065807,0,1,-1.1026223257953558,1,False,False,False,False,True,False,False,87.44225579139471
-1.4519576222892125,0.8037848348245789,0.9222758250184436,-0.20285146841661691,1,1,-1.721127467184616,0,False,False,False,False,False,True,False,72.43118969395067
0.4721818734883048,-1.7238379372446597,-0.7346928430066434,0.14629047378065807,0,0,-0.8306134959891365,0,False,True,False,False,False,False,False,76.7162449831054
-1.254335273888058,0.724835024062088,0.6705495412543616,-0.551993410613892,1,0,-0.021685248994926066,0,True,False,False,False,False,False,False,67.80696760106643
0.04190724292117589,-1.087275185354701,1.0993283471972484,-0.551993410613892,1,0,0.01594486339701812,0,False,False,False,False,True,False,False,74.66520658582795
-1.0776393297889537,-0.09271531496097069,-1.2661479318782847,0.14629047378065807,1,1,-1.175370510495747,0,False,False,False,False,False,True,False,77.02412225998496
-1.6683377401708115,1.0505934971758615,-0.08691449633362013,-1.5994192372057168,0,0,-0.6019769218724352,0,False,False,False,True,False,False,False,57.90048341076686
0.04958249738616678,-1.6527050516997783,-1.3812868333941395,1.5428582425697581,0,0,-0.016620798344365053,0,False,False,False,False,True,False,False,73.95195603161895
-0.18971596833810994,-0.1295559346970097,0.7175747016228219,-0.9011353528111669,0,0,-0.882067575292299,0,False,False,False,False,True,False,False,77.15892668556708
0.6122862618508711,0.31779463595825536,-1.33250232480059,0.8445743581752081,1,0,1.1444764368406635,0,False,False,False,False,False,True,False,93.00944697108928
-0.8875770683031856,-0.27739567256481945,0.0494526154171134,1.5428582425697581,0,1,0.17463767298500102,0,False,True,False,False,False,False,False,80.36211598533166
1.649787171056728,-1.333364649167374,0.23637233028991472,-0.20285146841661691,1,0,1.0883014053187638,1,True,False,False,False,False,False,False,92.52121146546573
-0.2429981947583456,-1.566261474807389,1.5745602749520384,-0.551993410613892,1,1,-1.7003791106943151,0,False,False,False,False,False,False,True,72.66316703041736
0.5448949043904219,0.04273318726967297,-1.0121403086164944,1.193716300372483,0,1,-0.3512651382574195,0,True,False,False,False,False,False,False,78.20231068064139
0.6778652580237614,-1.778842538535792,-1.5188297424639141,-0.20285146841661691,1,0,-0.6221046002629096,0,False,False,False,False,True,False,False,90.49170426163876
1.590038850394971,-1.264669384787333,-0.929540994009017,0.14629047378065807,0,0,-1.211339567614468,1,False,False,False,False,False,False,True,76.68183997746894
0.6072617245269253,-0.8240078276766755,-0.26784383475340506,-0.9011353528111669,1,1,1.4050825834076606,1,False,False,False,True,False,False,False,81.51851629194611
-1.11188885079544,-0.34999367579247553,1.2986237444887785,-1.250277295008442,0,1,0.574919848337609,1,True,False,False,False,False,False,False,67.31542829520717
0.5362025105569844,0.9379977243216847,-1.4577794997904197,1.193716300372483,0,1,-1.5468681658066,0,False,False,False,False,True,False,False,79.4966013466813
1.1091601733593512,0.10085707536353562,-0.5138923378856892,0.8445743581752081,1,1,-0.6304767182247002,1,False,False,False,True,False,False,False,86.44733860392547
1.2076565011845781,0.6259627198075132,-0.2087693988719507,0.14629047378065807,1,1,-1.2786093188695964,1,False,True,False,False,False,False,False,93.6948065961692
-0.11835697321417664,0.7266017813982206,-0.031054113303970725,-0.551993410613892,1,0,-1.1715394854106813,0,True,False,False,False,False,False,False,79.48953462894329
0.6036536364779678,1.3031294095087926,0.920572910727909,1.193716300372483,1,0,-0.6494569513362451,1,True,False,False,False,False,False,False,71.90487922337948
1.4915081823244514,-1.057056115963528,1.6552480732564296,-1.5994192372057168,0,0,0.030258323193276048,0,False,False,False,False,True,False,False,77.41385903979514
-0.011208104091157784,0.31815715557222984,0.045164014734641884,-1.5994192372057168,0,1,0.9777280763196455,0,False,True,False,False,False,False,False,68.46853359640598
-0.1334577480836608,0.2090294955871589,-0.7625136186804936,0.4954324159779331,0,0,-0.0011839724319163475,1,False,True,False,False,False,False,False,72.99317043236167
1.625821423127314,1.3930033461098421,-1.58869492924969,-1.5994192372057168,0,0,-0.09206295581668855,1,False,False,True,False,False,False,False,83.22600601472266
1.7262004963161535,-0.6689849638275294,-1.1041761638463259,-1.250277295008442,1,0,-0.21977377711400906,0,False,False,False,True,False,False,False,80.43141463610559
1.5745251773127402,0.07031176443752013,0.7010824289528693,1.5428582425697581,0,0,-0.9998989848651437,1,False,False,False,False,False,False,True,81.66465477661896
1.628468724666863,0.6134533864361273,-1.7130440010880428,0.14629047378065807,1,1,-1.6293266370883415,1,False,False,False,False,False,True,False,91.90838131284832
-0.8560240891165364,0.281425346192111,-1.2836720595978932,-0.9011353528111669,1,0,-1.481535376780153,1,False,False,False,False,False,True,False,65.67603413159378
0.41121873933561226,-1.7213880852540846,-0.10973894064227696,0.14629047378065807,1,0,0.9790600121550396,1,False,False,True,False,False,False,False,76.23584839186987
-0.018551498619466412,-1.053382077663259,-0.5485909227496469,1.193716300372483,1,1,-0.41704144027202206,1,False,False,False,False,False,True,False,81.5468009875772
-0.0650634639669321,-0.12777451054157274,1.3426160708152788,1.193716300372483,0,1,-0.9594161578260835,0,False,False,False,True,False,False,False,83.75995734706586
-0.5756309575425963,-1.444211573451744,0.7682562663712236,-0.551993410613892,1,1,-1.099150194003264,1,False,False,False,False,False,False,True,76.6397294517093
-0.13447853279245675,-0.20543249136575284,1.230858365044327,0.8445743581752081,0,1,0.21310819197360764,1,False,False,False,True,False,False,False,73.62997122390698
0.008556276449346147,-0.859097573162687,0.9247242107339,-0.551993410613892,1,0,0.2811928844700594,1,False,False,False,False,False,False,True,86.84928585114606
-1.5090633009641388,-0.40988750892506454,-0.0202929432114146,-0.20285146841661691,1,1,1.4364534248756462,1,True,False,False,False,False,False,False,66.84867535430931
-0.5317117453211473,-0.6615862256986158,0.3558783510379465,1.193716300372483,0,1,-0.13413263719870824,1,False,False,False,True,False,False,False,73.05780673555262
-0.7484746750634502,-0.9388866697172569,0.027625788377060027,-1.250277295008442,0,0,-0.9303308554992346,0,False,False,False,True,False,False,False,74.1265371474243
-0.4595344311687298,-1.2325487448618846,-1.2193091269083873,-0.9011353528111669,1,1,0.6083127405211369,1,False,False,True,False,False,False,False,79.93849946694492
1.1766685203069973,-0.5820878488214475,-1.138915229335343,-1.250277295008442,0,0,1.2318097145150775,0,False,False,False,False,False,False,True,78.63688457616405
0.11371766336593403,0.3575134652513785,1.3395762338665327,-1.250277295008442,1,0,-1.0802895248179394,0,False,False,False,False,False,False,True,65.44542801992745
-1.0192230151118644,0.6071484490527542,1.5486241297411292,0.8445743581752081,0,1,0.6433076690222246,0,True,False,False,False,False,False,False,74.71188395531024
-0.7906667370767109,-0.012195945499276372,-0.7671379285464445,0.8445743581752081,1,1,1.5521712178339384,1,True,False,False,False,False,False,False,71.56881316922764
1.5047611456187944,0.31619217962222623,-1.6477781107588936,-0.20285146841661691,1,0,1.2069380657859843,1,False,False,False,False,True,False,False,91.4909822926206
-1.2524795648329856,0.24563222511766356,-0.06557705584097558,-0.551993410613892,1,0,0.4826203881705979,1,True,False,False,False,False,False,False,66.97225233849409
-0.4243920673273956,0.8669598648280514,1.2734911102904611,-1.250277295008442,0,0,-0.9817458601179596,0,False,False,False,False,False,True,False,75.67917130358867
-0.08818513854789571,-1.0633459748659064,0.5862979583459882,-0.551993410613892,0,1,-1.41750757378529,0,False,False,False,True,False,False,False,66.82945799702419
0.2171672972159831,-1.037516515286853,-0.09350042979239928,-0.9011353528111669,1,1,-0.9068735413982761,1,False,False,True,False,False,False,False,86.7796195617193
1.679357814085923,-1.3187274269973213,-0.8681253137323269,0.8445743581752081,0,1,-0.8451074350338995,0,True,False,False,False,False,False,False,83.34114367658678
-0.26759951009023286,0.4477873277959599,-0.9426967863734358,-0.9011353528111669,0,1,-1.702369655630067,0,False,False,True,False,False,False,False,66.15000122161268
-0.5845322467638274,-1.0617749434268051,-0.8973010547981217,-1.5994192372057168,0,0,0.2167730579780737,0,False,False,False,False,False,False,True,66.17761964929294
1.1715557616095773,0.07478440492105086,-1.4392611026847153,-0.551993410613892,1,1,0.07451693385747911,1,False,False,False,True,False,False,False,94.17851811048914
1.6376801781527324,-0.6390491628954855,-0.006005990155574396,0.8445743581752081,1,0,-0.6888333499319835,1,False,False,True,False,False,False,False,89.63251802091851
-1.541019779075133,0.5047919128413527,1.7049903737521743,0.8445743581752081,1,1,0.812641254635456,0,False,False,False,False,False,True,False,71.85136903241968
1.7442322018524858,1.0316025341268675,-1.1008357939696847,-1.250277295008442,1,0,-0.19870919987247165,0,True,False,False,False,False,False,False,85.92555320264866
0.8269485578573745,0.667015446277662,1.4582909879511703,-1.5994192372057168,0,1,-1.6507639330935058,1,False,False,False,False,True,False,False,72.64321480838069
-1.1076233316345703,1.424964652607923,-0.9902950575324019,-1.250277295008442,0,0,-1.3975665098789611,1,False,False,False,True,False,False,False,71.36935558590424
-1.3625205702320817,0.28310510531443067,1.3298518123220024,-1.5994192372057168,0,0,-1.7247583905411867,0,False,False,False,False,False,False,True,56.15820640429485
-1.4919178810260525,-0.1518105060139711,1.5979537017417467,0.14629047378065807,0,1,0.8240227540450334,1,False,False,False,True,False,False,False,64.15908028277804
0.4189567589714486,0.269817887019841,-1.2015723406129855,0.4954324159779331,0,1,-1.3980737589511505,1,False,False,False,False,False,True,False,78.55300132169354
-0.6382686159576508,0.4911889166968558,0.7753457912659609,1.193716300372483,1,0,1.3218231282995907,0,False,False,False,False,False,False,True,83.95704997280212
0.1025558582501748,-0.6109210252871828,-1.5714834108091154,-1.250277295008442,0,1,-1.0287617446304167,0,False,False,False,False,True,False,False,71.79237551051598
-1.1219601008798121,0.5349410588240433,0.6959278339147739,1.5428582425697581,1,1,-0.9517755535503679,0,True,False,False,False,False,False,False,75.05653078298293
1.6541000665966046,1.3093318368149074,-1.053895541395364,1.193716300372483,0,1,-1.4445244106154624,0,False,False,False,False,True,False,False,80.48703556235982
0.269045936489346,1.5513568244556593,-1.2985088247686332,0.14629047378065807,0,0,0.439178048514779,1,True,False,False,False,False,False,False,85.70653026443098
1.1954072409404777,1.5345611639435817,0.39592486807466076,-0.551993410613892,0,1,0.5463152217107218,1,False,False,False,False,True,False,False,84.58609727444954
-0.5801991028067324,0.07943845537530644,-0.19399303780070262,-0.20285146841661691,0,1,-0.721025557201267,1,False,True,False,False,False,False,False,71.58907832757887
1.4429016901342107,1.1851903648360145,1.4375168690697784,-1.5994192372057168,1,0,-1.0137004580706386,1,False,False,False,False,True,False,False,79.76637419566994
-0.17138961934016123,1.6630676732336787,0.9817035435916747,0.14629047378065807,1,0,0.8617965158141704,0,False,False,False,False,False,False,True,68.19559790535749
-0.34429499692734317,0.4727708857563859,0.7347201062414955,-0.551993410613892,1,0,1.0585489482474457,1,False,False,False,True,False,False,False,66.00177993173611
1.0369454017648183,-0.16165832356611246,1.2439959021315572,-0.9011353528111669,0,1,-0.3898772526982991,1,True,False,False,False,False,False,False,80.5143962201336
-0.32947458188921536,1.0795309717745865,0.8962490816157097,1.193716300372483,1,0,-0.11102916337027104,0,False,True,False,False,False,False,False,83.2193950399079
1.3596787318696406,-0.7983771819911099,0.7957637601556287,0.14629047378065807,1,1,-0.9693828877575421,1,False,True,False,False,False,False,False,96.24479646780536
-0.31096838012334926,-0.6299544852601612,1.3611026678755815,1.5428582425697581,0,1,0.7621173077111345,0,False,False,False,False,False,True,False,73.10864189200338
-1.4182665973261692,0.6436031153533629,-0.4162979442735769,0.14629047378065807,0,1,1.319628833058083,1,False,False,True,False,False,False,False,69.61597783748148
-0.05405499218147908,1.1981593748262727,-1.533467014307591,-0.551993410613892,1,1,1.2545719061083085,0,False,True,False,False,False,False,False,85.17992011721516
0.9610480965568083,-1.7849426263219155,1.2377900329124332,-0.9011353528111669,1,0,1.2420661448971695,0,False,True,False,False,False,False,False,84.49219676792431
-1.2504104663063011,-1.202053812187702,0.15864573992549885,-0.20285146841661691,1,0,-1.3484461911676577,0,False,True,False,False,False,False,False,70.53600589636218
-1.0977587896522283,-1.2916649168135599,-1.0760705395492938,0.14629047378065807,0,0,0.7037069554126358,1,True,False,False,False,False,False,False,60.49180013829193
0.6748166744200589,-1.4515731778143437,0.8916198238559045,0.4954324159779331,1,0,0.831271231072014,0,False,True,False,False,False,False,False,82.16772173437849
1.7138055096544986,-1.6302486339867077,0.1703247407877653,-0.551993410613892,0,0,-1.381274353546732,1,False,False,False,True,False,False,False,81.91204080431203
-1.1845734146075453,1.410962541008115,-1.420245955117648,-0.9011353528111669,0,1,-0.48593258700101244,0,False,False,False,True,False,False,False,70.01666703086599
1.7595697224317384,-1.7468407015886218,1.2794566335754975,0.14629047378065807,1,1,1.0313173999002918,0,False,False,False,False,False,False,True,94.07625484931792
-0.17857715192191745,1.1399179221023124,-1.3138791149632902,-0.551993410613892,1,1,1.348853242590764,1,False,False,False,False,True,False,False,74.4007924032853
0.9750452673297988,-0.6714550016288098,-0.38164889809697056,0.14629047378065807,1,1,-0.6741959808495445,1,False,False,True,False,False,False,False,89.50707092353817
0.5279490393170705,0.9239551487110923,-0.02882161050703817,0.4954324159779331,0,1,1.6319711164365043,0,False,False,False,True,False,False,False,81.44492043977603
1.6503185585772266,-1.734684672604837,-1.4811594908862369,0.8445743581752081,1,1,0.25119007238193847,1,False,True,False,False,False,False,False,82.02665399387878
1.2390918153579327,0.490287597940162,-0.981520049940064,1.193716300372483,0,0,1.334665623889321,1,False,False,False,True,False,False,False,86.58971960151044
-0.4603843748866562,-0.7980564614892721,1.42776071390948,0.4954324159779331,1,1,-0.11605552683183282,0,False,False,False,True,False,False,False,73.31338432781097
-0.7073982721303871,0.4885788630164793,-1.6793404929377391,0.4954324159779331,0,0,-0.44249684378488424,0,False,False,False,True,False,False,False,63.94519034195512
0.20246156162907533,0.9056204431006082,-1.3557512727865446,-0.20285146841661691,0,1,-0.7912509130039269,0,False,False,False,True,False,False,False,71.68215977091921
-0.22090244252057797,0.6176620781104032,1.6197768151180585,-0.551993410613892,1,1,-0.5592691093441376,0,False,False,False,False,False,False,True,80.88488370658571
-0.8776239379089235,-1.7269235290049987,0.8809584246308556,-0.20285146841661691,1,1,1.3465665325823402,0,False,False,False,False,False,False,True,69.36518466401643
0.016250544010210203,1.0396070891342226,0.015055726423456173,1.5428582425697581,1,0,0.46744936750440086,0,False,False,True,False,False,False,False,77.11135724587183
-0.08034410498714072,1.0224029013149143,-0.6450220061394122,-1.5994192372057168,0,0,-1.592470242383056,1,False,False,False,False,False,True,False,66.83338950834204
0.5918306765349444,-0.44047009552647726,-1.089788285889249,0.8445743581752081,0,1,-0.7640432910088432,1,False,False,True,False,False,False,False,86.27594100947952
1.7487740135114962,0.7344399531921407,0.2825827721285884,1.193716300372483,1,0,-0.5707645201905382,0,True,False,False,False,False,False,False,93.67536718801192
0.10960126977857101,1.31338207017792,1.2591655911905755,1.5428582425697581,1,1,-0.627680553407139,1,False,False,False,False,False,False,True,78.51637753836398
1.7118125160542412,-1.2458304502400588,1.0144772436463148,1.193716300372483,1,1,-0.07766711605508907,0,False,False,False,False,True,False,False,92.94947424303056
1.1783232238569024,-0.6098522084772164,1.2409757071606797,1.193716300372483,0,0,1.4295824330417597,0,False,False,True,False,False,False,False,81.03512874471366
-0.5119092082295348,-0.042788359699498756,-1.2958236480595773,0.8445743581752081,0,1,1.5811359581692577,0,False,True,False,False,False,False,False,82.69984871990366
0.17771517561562278,0.3417330768319203,-1.4179623916949875,0.14629047378065807,1,1,-0.2508268520731535,0,False,False,False,False,False,True,False,72.51616454377282
1.4535110325954197,-1.5266592520149802,-1.5641230703673012,-0.20285146841661691,1,1,0.39951940497103866,0,False,False,False,True,False,False,False,89.10422123551844
-0.4857009728913997,1.6215709992665388,-0.5348096728211453,-0.9011353528111669,1,0,0.2684415894592772,0,False,False,False,True,False,False,False,75.10348087974481
-0.9807647454505641,1.5140887475357976,-0.38609685674113353,0.14629047378065807,1,1,-0.19057922584842663,1,False,False,True,False,False,False,False,67.4347673094004
1.6453305047813558,1.3194997114636813,1.4946055414826156,0.8445743581752081,1,0,-1.2996306934133468,1,False,False,False,True,False,False,False,87.24482058496623
-0.861281360681521,0.49262260747378395,0.3474812170993092,1.5428582425697581,0,1,0.4773375191100222,1,True,False,False,False,False,False,False,71.39509194269883
1.4722329835984655,-1.137054955886394,-1.4567244391422856,-0.9011353528111669,1,1,0.7749635370113597,1,False,False,False,True,False,False,False,86.43309225941918
-1.477598529454815,-0.4028053311172515,-0.8962327321133235,-0.551993410613892,1,0,0.7252047221654132,0,False,False,True,False,False,False,False,68.2435021615015
-1.1341508039931758,-0.23463009131822024,1.291324553651618,1.193716300372483,1,0,1.5936486231880875,0,False,False,False,False,True,False,False,77.32618941148577
0.8593651488404772,0.6237242524214708,-0.9867971145869915,1.5428582425697581,1,1,-1.4549275850838235,1,False,False,False,False,True,False,False,87.63455303671404
1.6282394072612152,-1.5145351217934673,0.6547064683127094,-0.9011353528111669,0,1,-0.4253169182355292,0,False,False,False,True,False,False,False,85.0477045249641
-0.7401562342943978,1.4630483377086632,1.141080018179933,1.193716300372483,0,0,-1.0643047861324737,0,True,False,False,False,False,False,False,73.25681014128338
-0.30265735156784057,-1.3623479455236085,-0.44824386348195683,1.5428582425697581,1,1,-0.6614144414507582,1,False,False,False,False,True,False,False,86.13804177699438
-0.021748044946785578,1.6322090878266735,-0.864340579607817,0.14629047378065807,0,0,-0.4607460994495995,0,True,False,False,False,False,False,False,73.30170849678505
-0.040542026365649846,1.3519679990846682,1.2903939504385993,1.5428582425697581,1,0,1.3753515442050355,0,False,False,False,True,False,False,False,77.75822606497373
0.5057593511081075,1.4815342959357587,-1.5242331019897244,-1.5994192372057168,0,0,-1.679621482443246,0,False,True,False,False,False,False,False,69.980899727324
1.7464948079804705,0.6613985113816424,-1.7059132074288408,-0.9011353528111669,0,1,-0.3536784897280209,0,False,False,False,False,False,False,True,81.71962012715123
0.5852019402018711,1.1588514637433842,-1.7179696047026043,1.193716300372483,0,0,-0.003050039326527599,0,False,False,True,False,False,False,False,83.18770623779959
1.604498894651714,0.20449752473360547,0.8348757592327716,-0.551993410613892,0,0,1.212288288926978,0,True,False,False,False,False,False,False,74.50066582241101
0.2354416463473105,-0.9251925183634058,1.6401778262031155,-0.20285146841661691,1,0,0.7592213945565647,0,False,False,False,True,False,False,False,85.30242790679038
-1.55014043470653,0.47121140903998815,-1.52615123383264,-0.20285146841661691,0,1,0.17743076788522286,1,False,False,False,False,False,False,True,68.1664191683244
0.011664046916375397,-0.656580993931759,-1.2079195832252931,-1.250277295008442,1,0,0.33450248728463555,0,True,False,False,False,False,False,False,78.27308086222502
0.7417475727941258,1.217998137598325,0.4645096203187074,0.14629047378065807,1,0,-1.0603891918364547,1,False,False,False,False,True,False,False,83.73032136926082
0.16963924984618478,-0.24207034738982777,-1.5202141175017039,-0.551993410613892,1,0,-0.9742871145712332,1,False,False,False,True,False,False,False,91.26509966618862
-0.017376073655193443,-0.9086341426134619,-1.235691154019597,-1.5994192372057168,1,1,-0.9832092380423217,0,False,False,False,True,False,False,False,84.27007059707874
-1.4996570113122063,0.7194916507946285,0.45187641320978983,0.4954324159779331,1,0,1.4032437104277184,1,False,False,False,False,False,False,True,72.99259684812475
0.5688164065495379,-0.24070195774048925,-0.564810853145516,-1.5994192372057168,0,1,1.1121096110639852,0,False,False,False,True,False,False,False,82.85963588574896
-0.3655196305863358,-1.316269341658687,-0.17386824108399668,-1.250277295008442,1,1,1.3111065874841168,0,True,False,False,False,False,False,False,77.1941932078873
0.8644826111752705,0.8083396669124552,0.8803841496100877,-1.250277295008442,1,1,0.5224746316548019,0,False,False,False,False,False,False,True,94.62023821457578
1.5774739519465315,-0.7289044136782364,-0.765772497971262,1.5428582425697581,1,0,0.7441154391929115,0,False,True,False,False,False,False,False,89.00357444759614
0.5797133238055987,1.243948029591652,-1.5334871948406872,-1.5994192372057168,0,0,0.4990189147784579,0,False,True,False,False,False,False,False,68.83167001425691
-0.27258220572227093,1.1403221281489309,-0.6585243458904203,0.4954324159779331,1,1,0.06688591768903535,0,False,False,False,False,False,False,True,84.01097145424957
0.7986449790752534,-1.0384738168303234,-1.4921460572261982,1.5428582425697581,0,1,-1.0806068831629507,1,False,False,False,False,False,True,False,78.9790545188001
-0.7429011838144228,0.9054779169887371,-1.6221336344119635,0.14629047378065807,0,1,0.6802656456376102,0,False,False,False,True,False,False,False,67.4824550310811
0.5320056757296598,1.66684128162006,-0.21020109290047423,0.14629047378065807,0,0,0.628493690275791,1,False,False,False,True,False,False,False,78.8322123678672
1.7160740173288078,1.3644868861540058,-0.8656678478028759,-0.551993410613892,0,0,0.5791876857546883,0,False,False,True,False,False,False,False,89.16170791211029
0.27108542182487483,0.069237041528799,1.4270535925865968,-1.250277295008442,1,1,-0.8609064659364142,1,False,False,False,False,False,True,False,80.90873748636218
0.43361835449611047,1.2716583684011866,-1.2308190469883633,-1.250277295008442,0,1,-1.3642530737463783,1,False,False,False,False,False,True,False,69.84644934130478
0.10225887283433496,-0.8769309555845294,1.349051457867544,1.5428582425697581,1,0,0.9810201270161514,1,False,False,False,False,False,False,True,93.61749392822172
-0.10470316147762584,1.6931935850220226,1.3852122697438503,-0.20285146841661691,0,1,0.4435442892884277,0,False,False,False,False,False,True,False,71.72043318222806
1.7660657954989887,0.3779197688280521,1.5019373258805793,-0.20285146841661691,0,1,-0.015864098379555602,1,False,False,False,True,False,False,False,78.84560725498649
-1.1354567090663228,0.08892928524645848,-0.506933263225724,0.4954324159779331,1,0,-0.5099286601764763,1,False,False,False,False,False,True,False,73.12301845544222
-1.2981044571418205,1.1803136541512704,0.6848705199771944,-1.5994192372057168,0,1,1.345253375012621,1,False,False,True,False,False,False,False,63.87007076935118
0.7544001400392483,0.3333283277492635,-0.35748246135821227,-1.5994192372057168,0,1,0.7815731582055886,1,True,False,False,False,False,False,False,79.85590094565664
1.3391376358853926,0.08704979023558389,0.10858521683862193,-0.551993410613892,0,0,-1.5073195904216479,0,False,False,False,False,False,True,False,87.41590659136119
-0.22411943434818826,-1.3706577551478398,-1.0952467643930934,1.193716300372483,0,1,-0.3383002623278205,0,True,False,False,False,False,False,False,78.57276368394248
1.081904116211669,0.8687704950319006,-0.2945021142387624,-0.551993410613892,1,1,1.4892266347934666,0,False,False,True,False,False,False,False,91.41236536705472
0.7916061141407857,0.8828790678755734,1.3841779253825637,0.8445743581752081,0,1,0.04290793518973254,0,False,False,False,True,False,False,False,81.73188628959403
1.0206276593764132,-0.4201010680730601,1.0294165363468486,-1.5994192372057168,0,0,-0.7742847360040713,0,False,False,True,False,False,False,False,79.16418646600803
1.4096069478522695,0.6866931935911311,-1.4241273492782622,0.4954324159779331,1,1,-1.3960199914577742,0,False,True,False,False,False,False,False,86.15217410784291
0.7352168952773991,1.247574464058621,0.8510722610240996,-0.20285146841661691,1,0,-0.03377979832602575,1,False,False,True,False,False,False,False,81.36888676528652
-0.20039189281450084,0.742170064725444,-1.2409307212926086,-1.250277295008442,0,0,-0.6883223438959645,1,False,True,False,False,False,False,False,71.93956193748485
1.6865783903399805,-0.5278433311087076,-0.12565221626621131,0.4954324159779331,1,1,0.02158504373951036,0,False,False,True,False,False,False,False,99.20111959032307
-1.0119150403299255,0.8640328737198879,0.3582668402592077,-1.250277295008442,0,0,-0.7145255298337106,1,False,False,False,False,True,False,False,63.12270832376059
-0.014589064484176894,0.0030753120228315498,-1.3139614742124546,-1.5994192372057168,1,0,0.11528401158932004,1,False,False,False,False,True,False,False,81.98142865281332
-0.14275437686198245,-1.4070991624234308,1.464041957471926,-0.9011353528111669,1,0,-0.352150335451515,0,False,False,True,False,False,False,False,80.25248579416566
-1.3152225967333873,-0.057178421091746985,0.2169856046342266,0.14629047378065807,0,1,1.0204630239775236,1,False,False,False,True,False,False,False,71.29929557890472
1.7289671614815643,-0.5176756277350607,-0.5899709091933742,0.14629047378065807,0,0,1.0778846752936424,0,True,False,False,False,False,False,False,88.01461174915498
-1.5298480294512962,1.1100625660342551,1.0347889208739978,0.8445743581752081,0,0,-1.0711217963509554,1,False,False,False,False,True,False,False,66.26932558409561
1.1045449260152211,-1.0314006962252955,-0.31567387358388055,1.193716300372483,1,1,0.18944461411553495,0,False,False,False,False,False,False,True,82.2669388259017
1.1102901295022096,-1.1041420291175956,0.9236598592095409,-1.5994192372057168,1,1,-0.7957656117353783,1,False,False,False,False,False,True,False,87.04307524865446
-1.3731356115941926,-0.48736635511653964,1.2537440463000062,1.193716300372483,1,1,-1.532696396834967,1,False,False,False,False,False,False,True,77.37513106047973
-0.4252143484358147,-0.5929014785219464,-1.189516653596349,-0.9011353528111669,0,1,0.7881306765375692,0,False,False,False,False,False,False,True,65.98179416664804
-0.968946402196165,0.21546131379019176,1.2330262360731077,-0.551993410613892,0,0,1.2417318262247368,1,False,False,False,False,False,False,True,60.54145962184359
1.4460138467133197,-0.629010774793087,0.9520750426553437,0.4954324159779331,0,0,0.46218378618035433,1,False,False,False,False,False,True,False,92.04714123962164
0.5683002421261999,0.8245503748098559,-1.0035867636289353,1.193716300372483,0,0,0.607202280177772,0,False,False,True,False,False,False,False,85.23654873673894
-0.9943485009982682,-1.2564474428817334,-1.3727293480544664,0.14629047378065807,1,0,0.6185232069915002,1,False,False,False,True,False,False,False,64.86892378660065
-0.13463831158183182,1.5721812360431746,-1.3761906298550546,-1.250277295008442,0,1,-0.31085102433936285,1,True,False,False,False,False,False,False,65.37884108866804
1.3714590752871134,-1.6005006497441399,1.4406830925880574,-0.551993410613892,1,0,-0.7689925915882518,0,False,False,False,False,True,False,False,88.69140252262352
1.7567722533834564,0.8611645161954337,-0.2794154015553987,0.14629047378065807,0,1,0.6417975389172352,1,False,False,False,False,False,False,True,86.91937064261256
-0.434081016770047,0.461766154196603,0.35911395370294147,1.5428582425697581,1,1,-1.7173620263489078,0,True,False,False,False,False,False,False,83.90650416809571
-0.06708969939303407,-1.7411221821740217,-0.00044370548930202004,0.14629047378065807,0,0,-1.3310918238700982,0,False,True,False,False,False,False,False,74.11456005939908
-0.9471821137772691,-0.5278024328796042,0.23830616130597973,1.193716300372483,1,0,0.7373266879289014,0,False,False,False,False,False,True,False,83.89109970828049
-1.062924341720723,0.585287878651735,0.7261757918824688,1.193716300372483,1,0,-1.3950050656430508,0,True,False,False,False,False,False,False,71.04837024273033
0.02064049499671605,-0.10486873817800413,-0.021602903276773455,0.14629047378065807,1,1,0.8479324060139899,0,False,False,True,False,False,False,False,81.67675119829586
-0.06753779978688185,0.8644425096403227,0.050232913062164666,0.14629047378065807,1,1,0.29712692016362346,1,False,False,False,False,False,False,True,85.43330464899245
1.6849047577051772,1.6462328287885952,1.664027498225892,1.5428582425697581,0,0,-0.5175653251121124,1,True,False,False,False,False,False,False,71.31149601141918
-1.555251776001931,-0.1671531474296949,1.1400016389016876,0.14629047378065807,1,1,-1.7270428544317555,0,False,False,False,False,False,True,False,71.59494171654234
-1.2311763733541854,-0.6936989028036531,-0.6522847176434151,-0.551993410613892,1,0,0.3762785181280881,1,False,True,False,False,False,False,False,66.63194054734754
-0.7659861343704745,-1.2824387462938434,1.1562438063138936,-0.20285146841661691,0,0,-1.7081103287461836,1,True,False,False,False,False,False,False,78.85915530885171
1.0926871801301898,0.3372479325545232,-0.36581691579271763,0.14629047378065807,1,0,-1.1382548248333895,1,False,False,False,False,False,True,False,82.06410931182897
1.1186157578976932,0.18991685013786067,1.5192644816144798,1.193716300372483,0,1,-1.5629713949237698,0,False,False,False,False,True,False,False,73.07513597606074
-1.7233646176179906,0.7829635760116133,0.5545190469471887,1.5428582425697581,0,0,1.591432917037997,1,True,False,False,False,False,False,False,79.16619554654747
-0.3846218608392618,-0.535576706700797,-0.1843675066220227,0.8445743581752081,1,1,-1.0645468340076651,0,False,True,False,False,False,False,False,72.79751943176964
-1.7082044053514351,-0.6741192055763681,1.1756838985240141,-0.20285146841661691,1,0,-0.099951455150368,0,False,False,True,False,False,False,False,66.47763445626643
-1.693892184020008,1.1900692518033267,1.246518459003495,1.5428582425697581,1,0,1.2870324515021576,0,False,False,False,True,False,False,False,72.80385072265209
1.0916689619604936,1.7078997653489187,-0.12858160229113194,1.193716300372483,1,1,0.2777257659147862,0,False,True,False,False,False,False,False,76.06738490848045
-0.7868828434398307,0.6003297430261468,0.6888635254838248,-1.250277295008442,1,0,0.5237020764835704,0,False,False,False,False,True,False,False,67.98375026133883
0.7553577129585727,1.3852241735705206,1.7086735116985674,-1.5994192372057168,0,0,-0.7640154202343431,0,False,False,True,False,False,False,False,81.38657107491966
0.8116236525912791,-1.353981499689334,-0.9672214250547837,-0.551993410613892,1,0,-1.656819909108357,0,False,False,False,True,False,False,False,83.25094380654245
0.011626809292612674,1.407667958706344,-0.251114569297035,-1.5994192372057168,0,0,-0.652889744869295,0,False,False,False,False,True,False,False,67.17457319395716
-1.239981703395338,-0.24174748753994854,0.4483033693995563,0.4954324159779331,0,1,-1.341561279397987,0,False,False,False,False,False,True,False,67.26120660342814
-0.20059271503333326,0.7399787067297752,0.9779965217455826,0.8445743581752081,1,0,-0.5386411706339712,1,True,False,False,False,False,False,False,80.34560178833401
0.5829116491572979,1.639694090684987,-0.8516160214720851,-1.250277295008442,0,0,-0.5926990924188751,0,False,False,True,False,False,False,False,77.04056884934522
0.8984802445875798,1.691303257811423,0.4300129356940675,0.8445743581752081,0,1,1.384595033225893,1,False,True,False,False,False,False,False,95.4029596891022
-1.6076578735826639,0.16955215602449533,0.6810959975864437,-1.250277295008442,1,0,1.5820658070693052,0,False,False,False,True,False,False,False,67.29060455788681
1.4862307446952336,-0.47067758339989463,-1.6990075865153471,0.4954324159779331,1,1,-0.3698540424845505,1,False,True,False,False,False,False,False,86.07540331472565
1.4637111936929474,0.635943184227996,0.6719511335645898,1.5428582425697581,1,0,-0.37731907545957155,1,False,False,False,False,False,True,False,91.0071222812532
-1.364490451613701,1.5631018831200079,-0.9483376270539702,-0.9011353528111669,0,1,-0.749110699380381,1,False,False,False,False,False,True,False,66.91801210715869
-0.005518708644019656,0.9270688877103057,-1.7078970273841838,0.4954324159779331,1,0,-0.662244272954094,1,True,False,False,False,False,False,False,67.80192844905321
-0.7824014081705113,1.4776666079978,-1.091534362018259,1.5428582425697581,0,1,-0.8808659023115036,1,False,True,False,False,False,False,False,72.79116253829804
-0.1168901866364405,1.0644533927215643,0.7069363795808904,0.8445743581752081,1,0,0.0953910222107883,1,False,False,False,False,False,True,False,73.71892622999403
-0.9072523809762568,-0.8209326103837211,-0.0881334811425068,-0.551993410613892,1,1,0.3636009345386557,0,False,False,True,False,False,False,False,73.95422052947721
0.8571927094511511,-0.09233540991768487,-0.03436712137951455,-1.250277295008442,0,1,-1.1085393968462507,0,False,False,False,False,False,False,True,79.62397199797275
1.0761273730125875,-0.7079803064244978,0.3273646456400939,0.14629047378065807,0,1,1.6779803727224756,0,False,False,True,False,False,False,False,88.68436418642132
-0.5195684302797474,-1.450200783889475,1.3391268956782731,1.193716300372483,0,1,-0.09534232623014482,1,False,False,False,False,False,False,True,81.29991310728172
-0.6477782843326865,0.2303712474239558,-0.1641701392869464,0.8445743581752081,0,1,1.6300467008514261,1,False,False,False,False,True,False,False,70.67916601591584
-0.899744461654581,1.059125382962962,0.013797255274198117,0.14629047378065807,0,1,1.0915658348114023,0,False,False,False,False,True,False,False,65.17124623925778
-1.5511750072251158,0.7458464037441566,-0.7021561268912344,-0.551993410613892,1,0,-1.7242923048355872,0,False,False,False,False,True,False,False,63.86954231299019
0.24321927149703215,1.7116008852822162,1.3810545719132359,0.4954324159779331,0,0,1.4302924984616652,1,True,False,False,False,False,False,False,76.93700355293326
1.0246864864827867,-0.7680332333217335,1.3240421741109114,-1.5994192372057168,0,1,-0.1580071817238453,0,False,False,False,True,False,False,False,77.43531155028174
-0.8356381012624302,0.5933342870911373,-0.4642987219268652,1.5428582425697581,1,0,0.5097829487780073,1,False,False,False,True,False,False,False,77.03777489000016
-1.7116581607308103,1.462026720055513,-0.6308848680699107,-0.9011353528111669,1,0,-0.3610731061196118,0,True,False,False,False,False,False,False,61.4988615645802
0.1757849714039354,1.5266758985647855,-1.3929658124330897,1.5428582425697581,1,0,0.9099882589869372,0,True,False,False,False,False,False,False,87.8886308127343
-1.6794411202200479,-0.09864191166304996,0.299131541549256,-0.9011353528111669,0,0,-0.7928473968663593,0,False,False,False,True,False,False,False,61.89641476528576
-0.4180205791623111,-1.5866691973771627,0.8707638343664343,0.8445743581752081,1,1,1.507808365844889,0,True,False,False,False,False,False,False,94.62784881900978
-0.25809348429981416,0.9404710786454561,-0.9658632134593715,-1.250277295008442,1,1,-1.313708019064268,1,False,False,False,True,False,False,False,77.22028479810245
0.1415270059374509,1.0337849964670396,1.716421418531373,-1.250277295008442,0,1,0.23370075921788308,0,False,False,True,False,False,False,False,68.5608633379115
-0.8703408099758684,0.6225227517529787,1.4439072518121019,1.5428582425697581,1,0,-0.1867265896631788,0,False,False,False,True,False,False,False,73.59698894167262
0.5477812032308369,1.163691992879408,0.5149545263966335,0.14629047378065807,0,1,-0.45374806558283115,0,False,False,False,False,False,True,False,77.94474788452226
-1.1064474699407896,-0.43403811338582743,-0.05148563397512484,0.8445743581752081,1,0,-0.9735998382241038,0,False,False,False,False,True,False,False,69.71608824565111
0.29411572286887094,-1.7680811059762451,-1.595785163028626,1.5428582425697581,1,1,1.5851105657721622,1,True,False,False,False,False,False,False,92.01258748997904
1.4845126004049463,1.1664464286609069,-0.35159806562288026,-0.551993410613892,0,1,1.331899428310654,0,False,True,False,False,False,False,False,83.41231082362565
-0.7475931787749834,1.193546782602021,1.4143035155514585,0.8445743581752081,1,1,-0.7324392202873424,1,False,False,False,True,False,False,False,82.21564364553204
-1.0194423222463047,-0.8471575409938172,1.717007290538103,1.5428582425697581,0,1,1.211270531105323,0,True,False,False,False,False,False,False,78.21117089032514
0.07859243823259071,0.4773583999310418,-0.8971956711389197,-1.250277295008442,0,1,0.09669252239749249,0,False,False,False,False,False,False,True,78.1360012561382
-1.4435775181943427,1.609501687538304,0.02624061943358049,0.4954324159779331,0,1,0.4722083533093134,0,False,False,False,True,False,False,False,70.75779856628381
0.18418568937537277,-1.1170746063045403,-1.3020345116375382,1.5428582425697581,1,0,-1.5052630819110444,1,True,False,False,False,False,False,False,84.90688052458705
1.2692181394290358,-1.339057654969323,-1.7328608902406792,0.8445743581752081,1,0,-0.7072383075602472,0,False,False,False,False,False,True,False,83.57237385867964
0.13136094062560308,-1.5132937386913163,0.6078877424563849,1.5428582425697581,0,0,0.8466720284560222,0,True,False,False,False,False,False,False,70.11778994803151
0.6822925373088499,1.5067587469714963,0.7307703660366041,0.14629047378065807,1,0,-1.3075888601730254,1,True,False,False,False,False,False,False,81.28468117700135
-0.8290918528231611,-0.32889601412072844,-0.48576096555860315,0.8445743581752081,0,1,1.6313616857101787,1,False,False,False,True,False,False,False,71.89785867504911
-0.3191042991686927,-0.43286489469226647,-1.6860518320009417,0.14629047378065807,1,0,0.9142593146668624,0,False,False,False,False,False,True,False,78.21271299674177
-0.6756571670473167,0.24181585947878742,-1.3747374136574175,0.8445743581752081,0,0,-0.026318205507618354,0,False,False,False,True,False,False,False,67.07114719268937
-0.42619425788297655,-1.532175523042372,0.44704230260645333,0.8445743581752081,1,1,-0.8051010366916703,1,False,False,False,False,True,False,False,79.52856103834532
1.4753615121688444,-0.2587245140243993,1.2567551892321605,0.8445743581752081,0,0,-0.41605632330299464,1,False,True,False,False,False,False,False,83.78413525306924
1.3666186753297973,-0.2558294945799572,-0.797318359443977,-1.5994192372057168,0,0,0.7968526977771105,0,False,True,False,False,False,False,False,81.52320357960576
-0.5737311943279351,-1.2685453240285731,0.6704889200317963,-1.250277295008442,0,0,1.1387792031086057,0,False,False,False,False,False,False,True,66.46316709527558
1.5851146323009284,1.6138401208713533,-0.5276136950606289,-0.551993410613892,0,1,-0.506003973921343,1,False,False,False,True,False,False,False,81.99562721027641
0.23441865246687715,0.16033796926977048,-0.12954577009361756,0.4954324159779331,0,0,-0.5206527489933576,0,False,False,True,False,False,False,False,70.23880499853406
0.6361739360269366,-0.23945097111563662,-0.5449452154340565,-0.20285146841661691,1,0,0.4804658307300898,1,False,False,False,True,False,False,False,77.77802650109714
-0.9666876065245046,0.16303770753937294,0.1886498948674121,-1.5994192372057168,1,0,1.230886985544127,0,True,False,False,False,False,False,False,77.80850874093727
0.8027931069746873,-1.6584160323762251,-0.35765889127388517,0.8445743581752081,1,1,0.9441750115384159,1,False,False,True,False,False,False,False,85.28188329910856
0.9138202879957634,0.9975969662472158,-1.3398949224443726,-0.9011353528111669,0,1,-0.6327537378190654,0,False,False,True,False,False,False,False,81.99774141424908
-1.1541794216574814,0.6507121068304613,0.36823991525844607,-1.250277295008442,0,1,1.1586098035577996,1,False,False,False,False,False,True,False,69.42614283102364
-1.4680065031801275,-1.231662939479208,0.7526847836890218,-0.20285146841661691,0,1,-1.56792647463792,0,False,False,True,False,False,False,False,57.96891358645942
0.23514771248084157,-1.4690446763285627,-0.3489488854916424,-1.250277295008442,0,1,-0.3292250890646678,0,False,False,False,False,False,True,False,70.76654655668561
0.6273170191565647,1.319197017326193,1.5060380792703179,-0.20285146841661691,1,1,0.31743193248851853,1,False,False,False,False,False,True,False,84.2199784977911
-1.5049980511481102,-0.25828597914590856,1.5693434752803752,-1.5994192372057168,1,1,-0.5614091917687561,1,False,False,True,False,False,False,False,74.60538130681516
1.70937835739794,-1.7268873894279493,1.3275701220561582,-0.551993410613892,1,0,0.4663508534514554,1,False,False,False,True,False,False,False,91.1199805367326
-1.6322079197090578,-0.49220411275495146,1.6124519134514839,0.14629047378065807,1,1,-0.4950738487289806,0,False,False,False,False,False,False,True,69.31099720502277
1.5069339075554569,-0.4884481618301442,0.35924337518322347,0.8445743581752081,0,1,-1.3391025751903853,1,False,False,False,False,False,False,True,88.32121632344422
-1.5791357947771387,-1.620498654503276,-1.5024951374115185,0.4954324159779331,1,1,0.949183713637722,0,False,False,True,False,False,False,False,70.72099946849724
0.7349611866820529,-1.2108880103586144,1.2332140831152894,0.14629047378065807,0,0,-0.23288210950433505,0,False,False,False,False,False,True,False,75.04311860015694
1.313422579734448,1.656852714109009,-0.029181659206734895,-1.5994192372057168,0,1,1.1383327445211469,0,False,False,False,False,True,False,False,85.45715502934821
-1.0756007364419233,-1.5458312277860755,0.6270685213974729,-0.20285146841661691,0,0,-0.5436353707920867,1,False,False,False,True,False,False,False,69.00907714924305
-1.2979797923786813,0.025924371867205705,-0.727658665685452,0.8445743581752081,0,0,-1.2255211744780394,1,False,False,False,False,False,False,True,63.58213875013972
0.23815284168966983,-1.570333862564723,-1.379612033246197,1.193716300372483,1,1,-1.1811689908107563,0,False,False,False,False,False,False,True,78.28346941614889
1.567620825174068,-1.3038228134325938,1.2087223083836347,-0.9011353528111669,0,1,-0.4221716987323503,0,False,False,False,False,True,False,False,93.9589445168873
-1.330954693219708,-1.1244125707008634,0.08495951953087236,0.8445743581752081,1,0,0.14296298380225186,0,False,False,False,False,False,True,False,74.99537375055203
1.4124447101266775,1.2621148581939148,1.4885286430005527,1.193716300372483,1,0,1.1243752010079715,0,False,False,False,False,True,False,False,87.42146757160002
-0.44908676793412494,0.1103959011186962,1.2541991947147983,-1.250277295008442,0,1,1.3178179636301344,0,False,True,False,False,False,False,False,75.57152420533848
-0.7792725579856079,1.3178852914898027,-0.11941515873777747,0.8445743581752081,1,0,0.8541663606451829,1,False,False,False,False,False,True,False,70.46552358032476
0.8245406749782642,0.41018123398135653,0.7250012090401656,1.193716300372483,0,0,-0.40371631724015505,0,False,False,False,False,False,True,False,75.27844823561392
0.3229525730402458,-1.1018464290985053,-1.3092126305236018,0.8445743581752081,1,1,1.6558875813793716,0,False,False,False,True,False,False,False,80.1690478981595
-0.7508904685858422,1.184177406398028,0.7270830014728774,0.4954324159779331,1,0,-1.0085719302365395,0,False,False,True,False,False,False,False,78.62040300283796
1.0325784431876566,-1.0011098638925415,-0.8221600728656329,0.8445743581752081,0,0,0.9469111586110597,0,False,False,True,False,False,False,False,97.77348781754034
0.3551449498155472,-1.4002349502650793,-0.6835252604394128,0.8445743581752081,1,0,-0.25302644602171137,0,True,False,False,False,False,False,False,79.54992427809216
-0.15865896004241445,0.5438676549609978,1.4327045885151357,-0.551993410613892,1,0,-0.11716332689517157,0,False,False,False,False,False,False,True,82.5582035943768
-1.1437770273633867,0.6514442988707297,0.16046546194148648,-1.250277295008442,1,0,1.425940717202356,1,False,True,False,False,False,False,False,69.58620609341473
1.193921453731082,-1.2851575957700418,-1.720966494433703,-0.551993410613892,0,0,1.307237636240269,0,False,False,True,False,False,False,False,82.9555569393591
1.5489737939734347,-0.4528935869662817,1.4972092137805129,-0.9011353528111669,1,0,-0.5293383212836542,0,True,False,False,False,False,False,False,83.34177681903425
0.4980182679691859,0.11002565008698485,0.17878178460588318,-1.5994192372057168,0,0,-0.9735570550413628,1,False,False,False,False,False,True,False,77.12419833394712
1.579024042968782,0.37773178362849785,0.29123774268190794,1.193716300372483,1,1,0.04117633838725439,0,False,False,True,False,False,False,False,81.39080270633778
-0.776971601203197,1.5824597505086926,0.4836948013956005,1.193716300372483,0,1,1.114159791179218,0,False,False,False,False,False,True,False,80.91405726325533
-0.2879884907080289,-0.31666286544732897,-0.8441994657725943,1.5428582425697581,0,1,-0.9202952115745379,0,False,False,False,False,False,False,True,81.62875782723093
0.8726499261146202,-1.1668977791823072,-1.439706260587459,-0.20285146841661691,1,0,0.7973605096797364,0,True,False,False,False,False,False,False,84.06315253230775
1.144279165746926,1.1317255175829701,-1.0870070914456667,0.4954324159779331,0,1,0.6628662663382737,1,True,False,False,False,False,False,False,77.26334147173574
-1.1605151464367156,-1.576720487739958,0.40436126455162924,1.193716300372483,0,0,-0.45004558585627846,0,False,False,True,False,False,False,False,65.4106623314997
-1.5413376546528565,0.26378498201463135,1.558373925139349,1.193716300372483,0,0,-1.1673403605368486,0,False,False,False,True,False,False,False,67.22824139994246
0.8258213048290503,0.8963922482658478,-1.6084743346902102,1.5428582425697581,1,1,-1.4989839161623477,1,False,False,False,False,False,True,False,85.58282095046387
-1.4015198380593088,0.581949556902132,-0.47687000828938064,1.193716300372483,1,0,-1.2574290450608614,0,False,False,False,False,False,True,False,67.84233024062135
0.4067334454596681,0.36446825749096623,-0.6810745150145807,1.193716300372483,1,1,-1.082778699036554,1,False,False,False,False,True,False,False,86.92061127676786
-1.6097726363814884,0.4143862866012,-1.5047322747846072,1.5428582425697581,1,0,0.25496923758401435,0,True,False,False,False,False,False,False,63.978617564810655
0.2023880599490875,-1.7002695060815376,0.4302656397851454,0.4954324159779331,1,0,-1.3995764281945764,1,False,False,False,False,True,False,False,69.70390192254267
-0.38127511995576585,1.319626312123809,-1.3700214195211318,1.5428582425697581,0,0,-0.17451883311722996,0,False,True,False,False,False,False,False,77.93189649527889
0.8728801335063354,1.1128024437320119,0.8316005119140332,-0.9011353528111669,0,1,1.1155358964827158,0,False,False,False,False,True,False,False,79.51141827944035
1.4118341589636885,-1.2080549253650765,0.7176029283213969,1.5428582425697581,1,0,-0.8750090882358204,1,False,False,False,False,False,True,False,83.98375304279631
-0.00137805173625262,-0.11529767870792007,-1.2160403447879342,-1.5994192372057168,1,1,0.5219176679440967,0,True,False,False,False,False,False,False,76.87445075421458
0.6500362798431639,-0.3703610135997875,1.3273268976438217,0.4954324159779331,1,0,0.8225147361793241,0,False,True,False,False,False,False,False,84.75911327289828
-1.4612791528832054,0.43062859137557247,0.25337530585490553,-1.5994192372057168,0,1,-1.2475109724532911,1,False,False,False,False,False,False,True,64.29007163380574
-0.814996295445676,1.3409207374535523,0.729257224202578,-0.551993410613892,0,0,-0.1299057529129353,1,False,False,True,False,False,False,False,70.31639320798583
-0.9699830057041857,-0.892646122748001,1.6707246236761546,-0.20285146841661691,1,0,1.1843517769936762,1,False,False,False,False,True,False,False,77.43243518171313
1.4198457690255684,0.3175075219029242,0.702930323238012,-0.20285146841661691,0,0,0.6171127359936198,1,False,False,False,False,False,True,False,70.54726071124931
-1.6691423828754897,-0.02491366582075511,0.7337443318845637,1.193716300372483,0,0,1.3850981368207373,1,True,False,False,False,False,False,False,62.90256674535729
-0.9298455841033021,-0.5563799462840221,-1.1474876162392391,-0.20285146841661691,0,1,-1.0952466206421925,1,False,False,False,True,False,False,False,70.17027035788999
-1.03767258488108,-1.4016494216530224,1.7035116074406675,0.8445743581752081,0,0,-1.208235502617123,1,True,False,False,False,False,False,False,64.79217173104597
1.6384083241050031,-1.0652416128952618,0.6602678196646038,-1.5994192372057168,1,0,-0.30746309576689657,0,False,False,True,False,False,False,False,75.91140009003787
0.9838657943656719,0.121016766987087,-1.349769763265149,-0.9011353528111669,0,1,-0.5567764012077084,1,False,False,False,False,False,False,True,82.73357614484655
-0.34874928260734633,-0.20420907158391882,-0.5875679093425972,-1.5994192372057168,0,1,1.4327284212456046,0,False,False,False,True,False,False,False,77.76876946613743
-0.023021080638190302,1.3992357596233913,1.1347435031705706,1.193716300372483,0,0,-0.42657798458434926,1,False,True,False,False,False,False,False,82.7662831291561
-1.7301460863852376,-1.4902995003294275,-1.1315512414358129,-0.9011353528111669,0,0,1.296801362656676,1,False,False,True,False,False,False,False,62.81838028250851
0.2657538679977926,-0.5595783782735043,-1.6558308582373815,0.4954324159779331,0,1,-1.5131834981485126,0,False,False,False,False,True,False,False,75.72856416541613
-0.8556546019530863,1.4354192144664153,-1.0428140684498217,-1.250277295008442,0,1,1.2791267443942498,1,False,False,False,True,False,False,False,67.2628691128189
-0.6317865526033634,1.600346710281457,1.2771460593458592,-0.551993410613892,1,1,-0.7262392271264969,0,False,False,False,False,False,True,False,76.19931216944339
-1.5588213190645028,0.8165600832703745,1.6718357084452509,0.4954324159779331,0,1,1.6386415026215901,1,False,False,True,False,False,False,False,68.33142349404177
-0.5813824601273607,0.46917808722203946,-0.03391917110172773,0.8445743581752081,1,0,0.9694453472318539,0,False,False,False,False,True,False,False,78.51244626151973
0.19148660131225387,-0.9567803025266047,-1.430054734736405,0.14629047378065807,0,0,-0.7373795889461883,1,False,False,False,True,False,False,False,79.21063420495611
0.38023348561963155,-0.5839559072980607,-0.6301758741183319,0.8445743581752081,0,0,1.4150875307989959,1,False,False,False,False,True,False,False,83.16661078240935
-1.5884092242575563,0.020101601888846174,0.1588354633657615,1.193716300372483,0,1,-0.4700266052082726,0,False,True,False,False,False,False,False,68.44765376611637
-0.19848059297433807,-1.4401579603587051,-0.6104271695339718,0.14629047378065807,0,1,-0.3646173727066343,1,False,False,False,False,False,True,False,76.37434527048943
-0.9294027820477352,-0.17116504425221507,1.5638879520966371,1.193716300372483,0,1,-0.04623876313067083,1,False,False,False,False,False,True,False,74.83286862689855
0.12101632657087753,-0.07378836583009332,-1.4463496570610845,-0.551993410613892,1,1,-0.9558429404576677,1,False,False,False,False,False,True,False,85.39366027138668
1.6352790474782968,-0.251318554455756,-0.912771105141824,-0.9011353528111669,0,1,-0.9900170117737599,0,False,False,True,False,False,False,False,79.2849224435124
-0.7017965591824158,-0.14381825059348827,0.7850104146489812,-0.9011353528111669,0,1,1.6641961939827294,1,False,False,False,False,True,False,False,71.94351918783443
0.3282115763668697,1.4193113187419486,-1.7191863097153945,-0.551993410613892,0,0,0.3655197243342114,1,False,True,False,False,False,False,False,66.26580446654819
-1.0002987312891294,0.8718641834305562,1.1538432036831137,1.5428582425697581,0,1,-1.2438922633786902,0,False,True,False,False,False,False,False,74.84384965506081
-0.1282266884065359,-0.30158254770445275,-1.475683590980009,1.193716300372483,0,0,-0.2732185105438733,0,False,False,False,False,False,True,False,82.97112009264806
-0.513426263802801,-0.08375769253838287,-1.2496683540589717,0.4954324159779331,1,1,-0.8572442203067424,0,False,True,False,False,False,False,False,77.9426406626892
-0.23484549886657954,0.2002968557343633,1.37146180544593,0.4954324159779331,0,0,0.015194774576518518,0,False,True,False,False,False,False,False,71.9985488138216
-1.2905466346358616,-0.3402326395979163,1.3930359926293852,0.4954324159779331,0,0,-1.7180886272615565,0,False,False,True,False,False,False,False,58.09700995500931
-1.532259740607438,-1.663720651861706,-1.6869467077847673,-0.9011353528111669,0,0,-0.25750066208090894,1,False,False,False,False,False,False,True,57.28563889293863
0.5719503215264465,-1.387782637512397,1.277777993495241,-0.551993410613892,1,1,-1.6863304320625272,1,False,False,True,False,False,False,False,88.21238718682275
-0.31731164695345543,0.03557964836781772,-1.3107888801065437,-0.551993410613892,0,0,1.023972225629098,1,False,False,False,False,True,False,False,69.10618926694599
1.4789618011512242,0.2236680314778679,1.2528971418737014,-0.9011353528111669,0,0,0.16371422831299315,1,False,False,False,False,True,False,False,80.22231202363872
0.15139404728842673,-0.9671213084962236,1.3475102252393754,1.5428582425697581,1,1,0.4738567770958391,1,False,False,False,True,False,False,False,77.91203359869158
1.3424568338123133,1.0787437746780992,1.172831816863708,-0.551993410613892,1,1,0.44195146295112947,1,False,False,False,False,True,False,False,83.0243540344661
1.765035589174483,1.3314722329611166,1.2785687573190712,-1.250277295008442,0,1,-0.22053256898445894,1,False,False,False,False,False,True,False,89.10913858582384
-0.7008937476771372,-0.4115429805135667,0.926508143234704,0.8445743581752081,0,1,0.16974067140380722,0,False,True,False,False,False,False,False,72.97899309283271
0.31462862414284315,1.4800338268213804,-0.12621076340180512,0.8445743581752081,0,1,0.13626475262949786,0,True,False,False,False,False,False,False,74.44558893131881
0.2969083500109521,-0.7150755702749261,0.597368118352688,1.5428582425697581,0,1,1.3253771718648986,1,False,False,True,False,False,False,False,75.46514844676668
-0.3042698081220888,0.37075097220359976,0.5787021528746249,-0.20285146841661691,1,1,-0.4571295476020646,1,False,False,False,False,False,False,True,82.22345612034907
0.015700411602569738,-1.3127510602374002,-0.27085643404604043,0.4954324159779331,0,1,-1.1408918104165504,0,False,False,False,True,False,False,False,77.53640850335813
-0.4441206855720905,0.43580047846553915,0.9913850990209857,-0.9011353528111669,1,0,0.4911486579405227,1,True,False,False,False,False,False,False,76.66682705524279
-1.3670305592314926,-0.3192827733025438,0.5444542314177069,0.4954324159779331,0,0,-0.22582985882892814,1,True,False,False,False,False,False,False,63.29028849358993
1.7330586252076017,-0.711529739775786,0.724671395751974,0.14629047378065807,0,1,1.6967844909756042,0,True,False,False,False,False,False,False,76.08034762829266
0.4097963056923153,-1.781902883669421,-1.3882288260151736,1.193716300372483,0,0,-0.6114566317222604,0,False,False,False,False,False,True,False,83.50109663171298
-0.37520593793776685,-1.0910710693655055,0.7800028200651528,-0.20285146841661691,1,0,0.9285248218414552,1,False,False,False,False,True,False,False,79.40597494954525
-0.6853958989804886,-1.256395856476256,-0.6756949565299891,-0.9011353528111669,1,0,0.2552616184681017,0,False,False,False,False,False,True,False,71.40115269753504
-0.7199472924664877,0.5036791320569056,-0.19136686864096852,1.193716300372483,0,0,-1.0498149395380751,1,False,True,False,False,False,False,False,67.62811061570734
0.8949787842756423,1.6017473448696156,-0.14266894853535245,-0.551993410613892,1,0,1.158293695965786,0,True,False,False,False,False,False,False,81.04818095914119
-1.662670096593405,1.5885837811108998,-1.4333240644697545,0.14629047378065807,1,1,0.30949141779190126,0,False,False,False,False,True,False,False,71.22118707426318
-1.7275535511074216,0.6337620120212843,1.4007512586017141,0.4954324159779331,1,0,-1.2104152495175258,0,False,False,True,False,False,False,False,61.69541944263317
1.1772838574719242,-0.6981984350872282,-0.16201535753562343,-1.250277295008442,1,0,-1.561963215409899,1,False,False,False,True,False,False,False,75.26679366638521
-0.26824488337125346,0.5636646176666585,-1.6374686334865156,-0.20285146841661691,1,0,1.5973698549747861,0,True,False,False,False,False,False,False,83.44635557416105
-0.504626072662806,0.1647003484727049,0.7979909384023103,1.193716300372483,1,1,-1.1911024850790255,0,False,False,True,False,False,False,False,73.70147658568817
-0.5659243177489734,0.5491338068481455,-0.7090513672024898,1.193716300372483,1,0,0.7813654074441317,1,False,False,True,False,False,False,False,77.62714607009033
-1.103504185928329,0.4638287539402178,-0.8192177729587046,1.5428582425697581,0,1,1.3357065136029176,0,False,False,False,False,True,False,False,77.45296107402339
0.023282147009697433,1.6029657017924837,-1.4031190269087932,-0.20285146841661691,0,0,1.2437649253442187,1,True,False,False,False,False,False,False,80.98899707324453
1.5780783032983452,-0.7567675380319615,-1.2311326254643358,1.193716300372483,0,0,-0.06998003765224031,0,False,False,True,False,False,False,False,87.70922567050178
0.11043557504578481,-0.047223588863619645,0.8097405847601701,1.5428582425697581,1,1,-0.15138482864501562,1,False,False,False,False,True,False,False,83.50179530846134
-1.0427278108943208,0.702467036441076,-0.8995066064148621,0.4954324159779331,0,0,-0.4437078279401721,0,False,False,False,False,False,False,True,60.39699944712779
1.192145937971844,-0.2898548462677724,0.01391014228101137,-0.551993410613892,1,1,-0.7495589702074072,0,False,False,False,False,False,False,True,89.06661082391325
0.4442687401073667,0.8293733232348518,-1.0607067888435326,0.14629047378065807,0,1,0.04187154888259844,1,False,False,False,True,False,False,False,84.99430221637239
-1.4661904069929523,0.45584452491960753,0.4299194830359054,-0.20285146841661691,1,1,0.15220802559695276,0,False,False,False,False,False,False,True,79.55022187464053
0.7896966982813486,0.2986388617936844,-1.5380970404142649,-1.250277295008442,1,1,1.0317587449851429,1,False,True,False,False,False,False,False,76.85500688033403
-1.5499073482878134,-1.609606107147756,0.13009173959741643,-0.9011353528111669,0,1,0.9350813610359029,1,False,False,False,True,False,False,False,72.36662633566371
-0.3362130611745157,0.2852336171737927,-0.6933268488146462,1.193716300372483,1,1,-0.9677831803294148,0,False,False,True,False,False,False,False,79.43030091050638
0.2930338018084038,-1.8042733608408679,1.163111889876535,-0.20285146841661691,1,0,-1.624804936711137,0,False,False,False,False,False,True,False,85.1266719907273
-0.7196415879546345,-1.7921717456771111,0.6143741913079016,0.4954324159779331,0,0,-0.24184321790475827,0,False,False,False,False,False,False,True,72.59865350688159
0.9815346599444662,0.0471854560555157,0.40094892516303027,0.14629047378065807,0,1,-0.5953998730679362,0,False,True,False,False,False,False,False,77.66773981239143
-1.663533685102163,1.3122860339888367,1.3496248201440135,-1.5994192372057168,0,0,0.058178555024603736,0,False,False,False,True,False,False,False,56.03816283332214
-1.2509183510036315,-0.5106595038829235,0.1590767437687789,-1.5994192372057168,1,1,-0.21466091936387025,0,False,True,False,False,False,False,False,73.15360829787224
-0.31037901346445523,0.35913409487784714,1.623404155745965,-0.20285146841661691,1,1,-0.756456514855059,0,False,False,False,False,True,False,False,75.69639299898678
1.4980084886169551,-0.5061054973519626,-1.6452432753313688,0.8445743581752081,1,1,0.08299158161001324,0,False,False,False,True,False,False,False,90.3816456495203
-1.130230003410438,1.0226337838498936,-1.6573478741205914,0.8445743581752081,0,0,-0.8513889563067814,1,False,False,False,True,False,False,False,64.05448532882963
-1.2552169912519349,-1.0223347578285473,0.08867490539745558,0.4954324159779331,0,1,-0.3278931763546279,0,True,False,False,False,False,False,False,62.863458827698935
-1.1321438278634457,0.21419215005414313,-1.1233812042375997,-0.551993410613892,1,1,-0.861574856110028,1,False,False,False,False,True,False,False,69.78902812684966
1.5274796496847431,-0.7608540531938844,1.38671794046467,1.193716300372483,0,1,0.13437285855006445,0,False,False,False,False,False,True,False,85.05730518930991
0.4690954121055271,0.706230200396322,-0.9695801472780413,1.193716300372483,1,0,-1.0462612443227919,0,False,True,False,False,False,False,False,83.88917674427188
1.0844142260394767,0.8054608674730545,-0.1383116088127962,0.4954324159779331,1,0,-0.013384082126150276,0,False,False,False,False,False,False,True,79.80724747202207
-0.597568591815381,0.23567082618620702,0.29944167743308264,-0.20285146841661691,0,0,-1.676051847607482,0,False,False,False,False,False,False,True,62.74215841892026
0.5410722058587053,0.04654422000005766,0.17879863924099273,-1.250277295008442,0,1,1.3446380600109693,0,False,False,True,False,False,False,False,81.94478362883896
1.6044396907187675,-1.1301085601414969,0.9692705018113263,0.4954324159779331,0,1,0.7174696113592975,0,True,False,False,False,False,False,False,86.11226292148204
1.0912812713859148,0.048506151503704194,-0.42094772012117115,0.14629047378065807,1,1,0.5236988618221138,1,False,False,True,False,False,False,False,76.39956057610658
-1.0262860655925572,-1.2542054477882214,-0.27246524392470595,0.14629047378065807,0,1,0.6982034576770341,1,True,False,False,False,False,False,False,74.36226287849098
-0.8044717156669744,0.8134294596022184,1.0971174960044696,0.4954324159779331,0,1,1.3921753428988797,0,False,True,False,False,False,False,False,74.8163318897396
1.239142438986963,0.40765972547114837,-1.506077891062927,-0.9011353528111669,1,1,-1.6978652333968682,0,False,True,False,False,False,False,False,75.96073209963497
-0.6198389387542657,0.8917429164487686,-0.4495825150312547,1.5428582425697581,1,0,-1.3432337469801736,1,False,False,True,False,False,False,False,74.44139857203474
-0.6630940756702123,-1.3265061098945143,0.9332653032809444,0.4954324159779331,0,0,1.0972343941329812,0,False,False,True,False,False,False,False,62.11213580486496
1.139111665057758,0.6399373920279204,-0.4886729047809611,0.4954324159779331,1,1,-1.5730483838388154,0,False,True,False,False,False,False,False,92.77187827251257
-0.1319700371086367,-1.5587012232857809,1.5108558243506054,1.193716300372483,1,0,1.2616229482779655,1,False,False,True,False,False,False,False,80.91361624369979
-0.5672491035361741,0.9586851432139792,0.6436482473621455,-1.250277295008442,1,0,0.023372177964923965,1,False,False,False,False,True,False,False,67.39138576705781
-0.46286105499533425,1.3075869844214711,1.105338297914296,-0.9011353528111669,1,0,0.9771918261053233,0,True,False,False,False,False,False,False,75.60212741214488
-0.7596181306849765,0.29507318924515896,0.5724842751394825,-0.9011353528111669,1,1,1.5977807994197022,0,False,False,True,False,False,False,False,76.45718676536139
1.2746069906554338,0.23611237817105368,1.5553905162439332,1.5428582425697581,0,1,-1.1815736255086555,0,False,False,True,False,False,False,False,81.26777861557825
1.0394152431685437,-0.9933327299132216,-0.44096104595080576,1.193716300372483,0,1,1.1293797998326764,1,False,False,True,False,False,False,False,91.14991229515994
-0.25044869045446233,-1.1830448812799539,-1.7130360108092564,1.193716300372483,1,0,-0.7310513629268655,0,False,True,False,False,False,False,False,79.69723688154224
0.4562523484542851,-1.7452310384438219,-1.2067570527130016,0.14629047378065807,0,0,-0.24576012953425186,0,False,False,False,False,False,True,False,73.88836804426923
-0.22776165573772916,-0.48717172009425574,1.131616076313076,0.8445743581752081,0,0,-1.706223917882542,1,False,True,False,False,False,False,False,74.97644951312583
-0.18067897832617721,0.45731040365771514,1.5832160196723624,0.4954324159779331,1,1,0.36020426121115223,0,False,True,False,False,False,False,False,80.94999011077955
-0.44946564995799626,-1.8062336278822826,0.2413727796612669,-0.551993410613892,0,0,0.9133343867715972,0,True,False,False,False,False,False,False,63.92393849450811
0.4324354347272372,-0.7734186791976645,0.7539351084141598,0.14629047378065807,1,1,-1.3519734507247911,0,False,False,False,False,True,False,False,80.79109195683546
-0.5908843994229214,1.321426976128268,0.07551698392434665,-0.9011353528111669,0,0,0.22948118960670585,0,False,False,False,True,False,False,False,79.07794498876416
-1.6686459489957313,-0.1737194612618715,0.03611746402554585,1.193716300372483,1,0,-0.1023551174628074,0,True,False,False,False,False,False,False,74.11810022464476
1.1873379024547746,-1.2151504908489446,0.3365960208163095,-0.20285146841661691,0,0,-1.3721954472540723,1,False,False,False,False,True,False,False,78.7514888583306
-0.01896606908471819,-1.6181127202957843,-1.0295511456299329,-1.5994192372057168,0,0,-0.6557546022207486,1,False,False,False,False,False,False,True,78.67500496466604
0.35068062306962056,0.8665710358270265,0.5710367066129499,1.193716300372483,0,1,-0.9379800647011728,1,False,False,True,False,False,False,False,80.82165747071468
-1.1285333932156065,1.5487385671015341,1.0936740102837093,1.193716300372483,1,1,-1.3281413694007889,1,False,False,False,True,False,False,False,67.27265525670609
0.5079065064011152,-1.0217717123474057,1.5261794363144174,-1.250277295008442,0,1,0.4939964548173194,0,False,True,False,False,False,False,False,66.87386981538799
-0.8433599277749803,1.1051007452887827,-0.4569914932403364,-0.9011353528111669,1,0,0.5235925746276112,0,False,False,False,False,True,False,False,75.02685535915874
-1.6166388666272478,-1.790113550846647,-0.38768990193732095,-0.551993410613892,1,1,-0.3438340146762157,1,False,False,False,False,False,True,False,76.22825756240682
-1.7332559107540007,-1.7667895570045602,-0.7007369735688281,-1.5994192372057168,1,0,-1.723189264432004,0,False,False,True,False,False,False,False,68.44825119479881
-0.2971783461556331,1.4300232153537642,-0.39433185245033225,-0.20285146841661691,0,1,-1.0428749319863815,1,False,True,False,False,False,False,False,68.74994600668715
-0.6565078780542308,0.614473009791756,-0.6515328933237307,1.5428582425697581,0,0,0.10260175743841572,1,False,False,True,False,False,False,False,76.43135425284179
-0.979157235602519,0.09838375990767219,-1.2311665354024188,0.4954324159779331,0,0,-1.3649936017657498,1,True,False,False,False,False,False,False,80.01859200003511
1.585312372315781,1.6443220502010008,-1.3607879068792081,-0.551993410613892,0,1,1.420116676879664,0,False,False,False,True,False,False,False,77.32851080574274
-0.72008281900708,0.3715601702271008,0.652512125184354,1.5428582425697581,0,0,-1.6740636587663469,1,False,False,False,True,False,False,False,73.08128158834285
-1.2573380326366992,-1.6282758637116859,-0.6835155287901287,-0.551993410613892,0,1,-0.06656815482429805,1,False,False,False,False,False,False,True,76.49106519530412
0.8871462335428529,-1.657449498310269,-1.221942574773466,-0.20285146841661691,1,0,-1.6003045593652938,0,True,False,False,False,False,False,False,79.28141564158575
0.7645520733961193,-0.04255083742952276,-0.9162070526908603,-1.5994192372057168,1,0,1.0228281610781549,1,False,False,True,False,False,False,False,73.47964081168632
0.6228741892054874,-1.5849349418199699,0.21797924088189563,-0.9011353528111669,0,1,-0.4377215582960398,0,True,False,False,False,False,False,False,66.33714108671694
0.610178216257393,-0.6235177586267326,1.506212675063004,-0.20285146841661691,1,1,-0.10807423007666807,1,False,False,False,False,False,False,True,81.85160554176544
1.4477697580577957,1.2127140524304576,0.8837470828626485,0.4954324159779331,0,1,1.421416837876455,0,False,False,True,False,False,False,False,72.80526954832648
1.3627509907457638,-0.21088677746939746,-1.3424044194693876,-0.20285146841661691,0,1,-1.2965987039566584,1,False,False,True,False,False,False,False,74.51737038420895
0.00019446156242458699,-0.7796166037158322,0.36335869780014424,-0.20285146841661691,1,0,-0.3467603243823879,0,False,False,False,False,False,False,True,75.92716537758582
-0.8294103500672629,0.21201337470919207,0.6427329022223771,-0.9011353528111669,0,1,-0.8891568504829863,0,False,True,False,False,False,False,False,73.02425358538392
0.37626135209717054,-1.7784022118230882,-1.0191796971638047,-1.5994192372057168,1,1,0.03566972088371312,1,False,False,False,False,False,True,False,81.38526021881859
0.39587029203671986,-1.3562473911881046,-1.4815539774607933,-1.5994192372057168,1,0,1.2034513532266276,0,False,False,True,False,False,False,False,77.79518407310698
-0.29330466950266726,0.06622472720618547,1.250191046822186,0.14629047378065807,0,0,0.2466814914146956,1,False,False,False,False,False,False,True,64.55218318369768
1.2830978708284644,-0.6214205079516268,1.1268323715710644,1.193716300372483,0,1,0.6444883977734396,1,False,False,True,False,False,False,False,81.8901146901959
1.7480435334349147,1.448735041693325,0.33568774217324804,1.5428582425697581,0,1,1.5579755634366277,0,False,True,False,False,False,False,False,90.00918791745602
-1.7095825572807943,-1.1199867406004136,-0.28747626156886935,-0.9011353528111669,1,0,1.54168830547071,0,False,False,False,False,False,True,False,68.4700833421926
-0.27171872545164344,-0.8734146036798428,1.015238172181654,-1.250277295008442,1,0,0.9720683726193577,0,False,False,False,True,False,False,False,79.257313029097
1.3838353920017532,0.8419321383874784,0.116808402574708,-0.9011353528111669,0,0,0.09402545078834526,0,True,False,False,False,False,False,False,76.83539689058603
0.883318188391904,-0.9607083631016952,-0.8325078541423682,0.4954324159779331,1,1,1.4779287125004146,1,False,False,False,False,True,False,False,88.57727870029969
-0.793360575224318,-0.8080323377934644,0.9016224951395914,1.193716300372483,1,0,0.08547221471821959,1,False,False,False,False,False,True,False,73.28393544110416
-1.73179261414216,0.4011715675396383,-1.0785218477564202,-1.250277295008442,0,0,-1.5790175296864495,0,False,False,True,False,False,False,False,68.43520744444696
0.2977278387799369,-1.2192504366025085,0.9381004467436025,-1.250277295008442,0,1,-0.7226970980031814,0,True,False,False,False,False,False,False,74.09351699179453
1.1294919126438634,0.7579254336321432,1.6114952723288312,-0.9011353528111669,0,1,1.4679245974957247,0,False,False,False,True,False,False,False,73.20578305573105
0.9015478520823075,-1.0840496845709542,-1.1191968275069712,1.5428582425697581,1,0,0.6745988027222342,1,False,False,False,True,False,False,False,80.45955841711948
1.349959630617933,-1.6661653921708324,0.4526082398057095,0.4954324159779331,1,1,0.48271543254155536,0,False,False,False,False,True,False,False,98.76175414998474
-1.6459979491233923,-0.1516113552494062,-0.04682399858836049,-0.20285146841661691,1,1,0.15718742908795894,1,True,False,False,False,False,False,False,71.87972003300972
-1.0051671908023343,0.17398731717314356,-0.9276208539426564,0.8445743581752081,1,0,-1.3048499195162904,0,False,False,False,False,True,False,False,77.5715959063305
-0.38645726027326377,1.4098079606990153,0.8497112901680384,-0.9011353528111669,1,0,-1.3475483545001758,0,False,False,False,False,True,False,False,67.96327936750484
-1.227011043166006,1.6906201601375908,-0.9225998389159004,-1.5994192372057168,0,1,-0.5458079601500151,1,False,False,False,False,True,False,False,69.33178402230232
-0.7817108415331974,-0.46726987099613615,0.5682184887337337,-1.5994192372057168,0,1,-1.603225715326391,0,False,False,False,True,False,False,False,69.07359498820098
1.6440905075428138,-0.16874170574341946,-0.20042546028864713,1.193716300372483,0,1,1.378033333348155,0,False,False,True,False,False,False,False,98.84375583052464
0.8110091226490609,1.0256433365245579,0.24945785882517962,-0.9011353528111669,0,0,1.465114562428705,1,False,True,False,False,False,False,False,79.49779512537728
1.626531594253711,-1.7890907593657082,1.7135915040002625,-1.5994192372057168,0,0,-0.6140582889093388,1,False,False,False,False,False,True,False,87.54904071367156
-0.0794406552790135,0.6934686898032522,0.3308808955010568,-0.20285146841661691,1,0,1.231358700959637,1,True,False,False,False,False,False,False,84.95971162482081
-1.352893338809003,0.4194659412148738,0.19454672623241676,0.8445743581752081,1,0,1.3199852023161642,1,False,True,False,False,False,False,False,69.62319925097123
-1.0191811278898872,-0.35168493636874426,1.4163001446879333,0.8445743581752081,1,0,0.1740193047423787,0,False,False,False,False,True,False,False,76.4254060741374
0.27849074815612496,1.100279838532726,0.20020812841913088,1.193716300372483,1,1,1.3671731874951376,1,False,False,False,False,True,False,False,89.20534467992567
-1.0749635390538208,-1.295105677222758,-1.4873997408567967,0.8445743581752081,1,1,0.680811626010424,0,True,False,False,False,False,False,False,74.95950368092542
1.4873318847964399,0.37461393494977707,-0.1843546896809184,1.5428582425697581,0,1,0.6729346144323116,1,False,True,False,False,False,False,False,91.70325794178096
-0.4513553942395193,0.6911957698560611,0.9868321428035547,1.5428582425697581,1,0,0.39675231308980763,0,False,True,False,False,False,False,False,73.09132362166658
1.6165188137102644,1.283568652815114,0.4142940654937867,-0.551993410613892,1,1,0.16215129328590402,1,False,False,False,True,False,False,False,92.85040372930234
0.7382503995134905,0.09693277465739282,-0.746028087198217,0.8445743581752081,1,1,0.1861773000417893,0,False,False,False,False,True,False,False,86.26883863574577
-1.6024237917375401,0.2121757710833463,-0.5669054212693166,0.4954324159779331,1,1,1.1424244201007856,1,False,True,False,False,False,False,False,77.55394617007619
1.430798568287955,0.3609422847513155,1.2492653160520923,0.4954324159779331,0,0,0.989871556970835,0,False,False,False,True,False,False,False,78.92474327254632
0.5118315290448432,0.9383821526799172,-1.0603402795646666,-0.551993410613892,1,1,-1.535308144022939,0,False,True,False,False,False,False,False,74.38816585487947
1.061815297359545,-1.5554207437187815,-0.8745620963801932,-0.20285146841661691,1,0,0.0008617434842613551,0,False,False,False,False,True,False,False,89.49271921516606
1.4419348277050232,-0.4588202783631677,1.542361931372412,-1.5994192372057168,1,1,-0.8599067156612011,1,False,False,False,False,True,False,False,79.78630032428333
-0.49454018835931035,-1.7490538675142253,0.6243688609357247,-0.9011353528111669,1,1,-1.2428511981190442,0,False,True,False,False,False,False,False,79.60206955029179
-0.2541923682991533,-0.8952167815670506,-1.4095425312388281,1.193716300372483,1,0,1.1793582118655674,0,False,False,False,False,False,True,False,74.92464777020584
0.4006760365586345,-0.278678673913465,0.2668573048702574,-0.9011353528111669,0,0,-1.1207809350917162,0,False,True,False,False,False,False,False,69.36561643713308
-1.754393283277387,-0.45520279214780746,-1.4695014919824885,-1.5994192372057168,1,1,0.8864257010490433,0,False,False,True,False,False,False,False,69.73709712547185
1.0030045730631436,-0.491279045575808,-1.469503319434082,-1.5994192372057168,1,1,-0.8580026009362137,1,False,False,False,False,False,False,True,83.06354933768394
1.5684118580446955,-1.2485150589100313,-1.0423128112301472,-0.20285146841661691,1,0,1.4730931981229447,0,False,False,False,False,True,False,False,78.13585396241895
1.7671224847932245,0.4100942556499693,0.4369022905491241,1.193716300372483,0,0,1.026038541344897,0,False,True,False,False,False,False,False,85.89515636120859
1.082411120865962,0.7681111535914334,0.9350438340672124,-0.551993410613892,0,0,1.0177226841819649,1,False,True,False,False,False,False,False,75.90956928254148
1.0576269728436298,1.6335315154664891,1.3563327397665597,0.14629047378065807,0,0,0.9814210732404259,0,False,False,False,True,False,False,False,76.66893627962274
0.4678142171904008,-0.07402033831357,-0.23624303451562306,-0.20285146841661691,1,0,0.8010728299033256,1,False,False,True,False,False,False,False,82.96533967112204
1.6093337437485493,0.19427513485927309,-0.9920675679786791,-0.551993410613892,0,1,0.763660627990047,0,False,True,False,False,False,False,False,83.01619774663669
-0.6435111286002972,0.27119634814253685,1.0848795115475713,-0.551993410613892,1,0,-0.9438910747466401,1,False,True,False,False,False,False,False,79.1237253482039
-1.1794805627197156,1.3079520718629694,-0.9173203908709493,-0.20285146841661691,1,1,-1.3786682849212153,0,False,False,False,False,False,True,False,75.31283757044484
1.6338795163311,-0.9715337348884896,0.5747196847342532,-1.250277295008442,1,0,-1.3446831843719316,1,False,False,False,False,False,False,True,88.20706667134657
-0.782918075581497,0.8099874245969165,-0.11894484755003218,-1.250277295008442,0,1,1.1281902228467418,0,True,False,False,False,False,False,False,73.5590518123568
-0.8190667221495358,0.018387568008989535,-1.134029179289739,0.4954324159779331,1,0,-0.4807241265611116,0,True,False,False,False,False,False,False,77.84733817583752
0.7051368607509629,1.651456692446204,0.5275946041525036,-1.5994192372057168,1,0,-0.8510051067366332,1,False,False,False,False,False,False,True,80.05988641915772
-1.0653794190659354,1.1267745077883857,1.552141234145388,-1.250277295008442,1,1,-1.1051025915836319,0,False,True,False,False,False,False,False,73.8627328825861
-0.6586765604578797,0.5039576604570858,-0.2702737381311789,-0.551993410613892,1,0,-0.07194466490230986,1,False,False,False,False,False,False,True,72.58267635779946
0.9321534067242498,-1.2891032814322159,1.3984629689464736,0.4954324159779331,0,1,0.6975029597800417,1,True,False,False,False,False,False,False,85.14000480874805
0.5748030325297834,1.4128409952417744,-1.4417264278121271,0.14629047378065807,0,1,-0.6843215511551963,1,True,False,False,False,False,False,False,75.80524543517814
-0.593473298280868,-0.11578914190313874,-1.3763036719196762,-0.20285146841661691,1,0,-0.06179398831947851,0,False,False,False,False,False,True,False,70.55942710998752
-0.9421788873999838,1.3643030588430767,1.3811839753475337,-0.551993410613892,1,1,0.07168665688942881,0,True,False,False,False,False,False,False,73.4135680602193
1.7277341978966483,0.728002017179319,1.6955917175971567,-0.9011353528111669,0,1,-0.9361618344820221,1,False,False,True,False,False,False,False,81.75602366870022
1.0634521921613032,0.729715999848545,0.8581190478433779,-0.551993410613892,1,0,1.1848366243733457,0,False,False,True,False,False,False,False,86.77321944203945
0.06620154205726307,-0.534193256493226,-0.11700479179013519,-0.9011353528111669,1,1,-0.09548708278313335,1,True,False,False,False,False,False,False,67.2160954151652
-0.17141753089858994,1.5238667062462874,0.8583300500485089,-1.5994192372057168,0,0,0.5636357216246022,0,False,False,False,False,False,False,True,71.72715985552911
0.47784442293879564,1.7093665122685782,0.05844920494294796,0.14629047378065807,1,1,-1.3060586189517345,0,False,False,False,False,False,False,True,82.49632388751793
0.9260850138785437,1.556189408299796,0.2692200538037938,-1.250277295008442,1,0,-1.7237711997754686,1,False,False,False,False,False,True,False,76.73768631844267
0.545882184398532,0.7451588012346728,-1.6314870261264913,-0.551993410613892,1,1,1.1618829047120165,1,False,False,False,True,False,False,False,93.21841404930304
-1.0851098295029917,1.2728622580166793,-1.216721657662001,-1.250277295008442,0,1,-1.1555520055523154,1,True,False,False,False,False,False,False,78.39455065208094
-0.1805787841373997,1.2520165838816215,-0.014837789921781511,-0.20285146841661691,0,0,0.8521770996272129,0,False,False,True,False,False,False,False,68.49891727822094
0.37169041456390317,1.1102350763521984,-0.09338030033529235,0.14629047378065807,1,0,-1.160121959918195,0,False,False,False,False,False,False,True,73.6236893035594
0.9309554501712197,1.4174618536918082,-0.714500592004367,-1.250277295008442,1,0,0.9030431702373936,0,False,False,False,False,True,False,False,84.16006699905145
-0.466359740868086,-1.3272588953124675,-0.33537402177757025,-1.5994192372057168,0,1,0.6245515593323459,0,False,True,False,False,False,False,False,71.95239611852183
1.1538498258367342,0.9097173505971969,1.5292581746303693,-1.5994192372057168,0,1,-0.15896217187125802,0,False,False,True,False,False,False,False,86.85307892429685
-0.5960638341982548,0.792019856274211,-0.86831357126091,-0.9011353528111669,1,0,0.9039674172527482,1,False,False,False,True,False,False,False,76.96119913359442
-0.5181281993049093,-0.7537127117423856,1.0782114973085075,-1.250277295008442,0,0,-1.3739369496523421,0,False,False,False,False,False,True,False,64.73408495868908
-1.4684108489567032,-0.7172922296330814,0.8147464793224599,-0.20285146841661691,0,1,1.0476677012846531,1,False,False,False,False,True,False,False,60.71934920375879
-0.25514823574942447,-1.5484626557635528,-1.0054747115548401,-1.250277295008442,1,0,-1.4957291734298377,1,False,True,False,False,False,False,False,79.53641349473892
-0.7487162103200263,1.1240134538332072,0.28518013096990386,-0.9011353528111669,0,0,0.49577502064474055,1,False,False,False,False,False,True,False,71.89591789087714
1.019547646197303,1.3653864403948612,-0.7615724810416723,-0.9011353528111669,1,0,-1.354422838385272,1,False,False,True,False,False,False,False,82.2988006202536
1.3543622079729172,-1.0948036143752473,0.28271749165911203,1.5428582425697581,1,0,1.4931105438427448,1,False,False,False,False,False,True,False,86.26459141524661
0.5284817406198257,0.0919374165976676,0.7763143513700702,-1.250277295008442,1,0,-1.4965044116602868,1,False,False,True,False,False,False,False,77.18138142626093
0.7770685968042177,-1.3874987619226455,-0.1473804083991958,-0.20285146841661691,1,0,-1.23783087089631,0,False,False,False,False,False,False,True,88.35160574829843
1.1027214407574253,-0.8583944038427237,1.5037579674924106,-1.5994192372057168,1,1,1.2516327293761698,1,False,False,False,False,False,True,False,79.6683096222516
-0.10716786399536578,0.5624875993919033,1.3760106430249373,0.4954324159779331,0,1,-0.8973250020994625,0,False,False,False,False,True,False,False,75.38754513746487
0.060660013813130374,-0.9162945864866939,1.2819236396784899,0.4954324159779331,0,1,-1.1389536562338785,1,False,True,False,False,False,False,False,79.43136341116085
1.035867957918093,1.7098896487400148,0.03895237703307717,1.193716300372483,0,1,-1.303695648827454,1,False,False,True,False,False,False,False,90.89850706078848
-1.5871018416640552,-1.2155429455814872,1.3785607840934153,-0.551993410613892,0,1,0.5192993017897601,1,False,False,True,False,False,False,False,58.82047314243
-1.348564534428569,1.6986980253698125,0.11962333767779365,-1.5994192372057168,0,1,0.6220339661066209,1,False,False,False,False,True,False,False,63.87592665995615
1.1293667524619515,-0.43377890458691215,1.2551359374515485,-0.551993410613892,1,0,-1.6753498518625713,1,False,True,False,False,False,False,False,92.37619236149315
0.705860416925771,0.024429487609614504,-0.3669948850210589,0.14629047378065807,0,1,-0.27866138400244217,0,False,False,False,True,False,False,False,78.40883003590025
-1.2152163264568292,1.0546678002878815,0.8325233147776827,-0.20285146841661691,0,0,1.0165928098834638,0,False,False,False,False,True,False,False,67.42856121374454
1.0961012825710228,-0.398131000569688,1.0704499689253164,0.4954324159779331,0,0,-1.617431865608318,0,True,False,False,False,False,False,False,72.95782970185579
1.0284903639746503,-0.4774698054606611,-0.5046585401721155,1.5428582425697581,1,0,-0.0945909284003692,0,False,False,False,False,False,False,True,84.57865296861532
1.1684632986389718,-0.3066225972362642,-1.2449613272734825,-1.250277295008442,0,0,-0.6457571289485657,1,False,True,False,False,False,False,False,61.49139444812299
0.9112121977467431,-0.4676331541962305,-0.6907327934375181,1.193716300372483,1,0,1.4918567521309953,1,False,False,False,True,False,False,False,88.92697402276784
-1.564926549295349,-0.10786314553601895,-0.6946264050259499,1.5428582425697581,1,0,-1.6101502460115171,1,False,False,False,False,False,True,False,73.05025239553935
0.3595381683518266,-0.7983049162033052,1.1292814775750666,0.8445743581752081,1,1,-0.6356669388064595,1,False,False,True,False,False,False,False,81.88643449439485
-1.3296029908145035,0.9031504165542613,1.5944721968470335,-1.250277295008442,0,0,0.03717527833780609,0,False,False,False,True,False,False,False,58.24209602013117
-0.20612804167027388,1.5024383446107434,0.21643420913925962,-0.20285146841661691,1,1,0.6404950181356301,1,False,False,True,False,False,False,False,75.1212922278161
1.5220390449083054,0.22968563533086458,-1.6132140474679468,0.8445743581752081,0,0,-1.6141517185307042,0,True,False,False,False,False,False,False,85.90455015626561
0.21849438841677415,1.3311304640657193,0.5816550542814685,-0.551993410613892,0,1,0.15129912730301806,0,False,False,False,True,False,False,False,76.74886744332281
-0.10937741598665347,-0.8133950084981871,-0.6262305931675042,-1.250277295008442,0,1,-1.6029615747775703,1,False,False,False,False,True,False,False,64.20732944502826
-1.6776630668521793,1.538906589543713,0.31301398566889094,0.14629047378065807,0,0,0.8922016294059579,0,False,False,False,False,True,False,False,56.8498285541253
1.6476695147260707,-1.4544137213595516,-0.4517956237278071,-1.5994192372057168,1,0,1.5567397747182616,0,False,False,False,False,False,True,False,87.79268634679283
0.23592061594292424,1.2532521616628776,0.8238921973501394,0.14629047378065807,0,0,-1.6937832538663595,1,False,False,False,True,False,False,False,71.45984361527782
0.23523479023214813,1.4569967356751041,-1.2947107579841342,0.4954324159779331,0,0,0.018153218816362834,0,False,False,False,True,False,False,False,73.9768404279642
-0.0930268597639266,1.6564642767561355,-0.7995941919593437,1.193716300372483,1,0,1.2707481250066506,1,False,True,False,False,False,False,False,76.26762690060934
1.3795631006977656,-0.06662619690103679,1.1602237576811778,0.8445743581752081,1,0,0.44780519746851366,1,False,False,True,False,False,False,False,90.01825906112286
0.08229456847997309,1.5547982667279798,0.36333754726783174,0.14629047378065807,0,1,-0.045515500706061605,0,False,False,True,False,False,False,False,79.76646360598038
-0.1397503807168173,-1.0901699170113763,-1.0043063186484325,0.14629047378065807,1,0,1.4083560005839872,0,False,False,True,False,False,False,False,87.17029521230282
-0.21375000804771388,-1.27717864001552,-0.34027310236024255,1.5428582425697581,0,1,-1.6476980342500245,1,False,False,False,False,False,False,True,80.87061710074885
0.4479917290717488,0.14843088144380212,0.40312432509863444,1.193716300372483,1,0,-0.7852103929495977,0,False,False,False,False,False,False,True,88.08448919703298
0.15845927399033508,0.0423521255187293,0.5702014811022489,-0.9011353528111669,1,0,-1.2142149887418507,1,False,False,True,False,False,False,False,75.22014747070905
1.6462720711602312,1.2798489157771544,-1.3394971438519383,1.5428582425697581,0,1,1.6475638284555332,1,True,False,False,False,False,False,False,81.22613097183303
-0.33957032917824226,1.251168308710914,1.733411284191718,-1.5994192372057168,0,1,0.5484146457139372,0,False,False,False,False,True,False,False,72.72344605181073
0.4525684511213989,-0.44088048779649075,1.1360852977730589,-0.551993410613892,0,1,-0.6051888325752359,0,True,False,False,False,False,False,False,87.19432933388649
-1.5936401894563967,1.3450489541862622,-1.487615983779633,0.14629047378065807,1,1,-0.7134771007799339,1,False,False,False,False,False,False,True,75.5245962799521
1.4046088718893754,1.6275505208336432,1.6448307830731397,1.5428582425697581,0,0,1.6803336025532825,0,False,False,False,False,False,True,False,86.73987202658985
0.6062917367698332,1.1668682600157494,1.0512061839888793,0.14629047378065807,1,1,1.6514734661036188,1,False,False,True,False,False,False,False,83.52743893947023
-1.7265411977389205,0.7243634130917407,1.2935862042634516,-0.20285146841661691,0,0,0.19939715600440033,0,False,False,False,True,False,False,False,77.28728399091317
0.27250396316629893,0.4481452266762245,-1.3482282627957307,-1.250277295008442,0,0,-1.085117947394336,0,True,False,False,False,False,False,False,70.97033275219684
0.8180697183757685,1.4769609710688743,-0.8660694992278374,1.193716300372483,0,0,-1.3311542058880135,0,False,False,True,False,False,False,False,77.39459750442413
-0.41733450928814325,1.3828967985179266,0.3665865622323722,0.8445743581752081,0,1,-1.249570328173351,1,False,False,True,False,False,False,False,64.48440467256711
-0.37228602687893,1.2610532087730608,1.4703052319811487,-1.5994192372057168,0,0,1.0503742063311687,0,False,False,False,False,False,True,False,66.07285097614827
-1.4136065824269195,-1.5921766750508903,-0.7074429410505972,0.4954324159779331,0,1,0.36461057763002164,0,False,False,False,False,True,False,False,72.70629943619927
-1.2241159328396745,-0.14920909835337137,-0.39598875730616534,1.5428582425697581,0,1,0.5341078229710501,1,False,False,False,False,False,True,False,70.34077898269254
0.8657641800801708,1.1284911789788923,-0.5318315555477053,0.4954324159779331,0,0,0.5995590650658982,1,True,False,False,False,False,False,False,81.00413677469648
0.3433097299496541,-0.834575095859765,0.2789102763135176,-0.9011353528111669,1,0,1.5635142556281174,0,False,False,True,False,False,False,False,78.44143059054966
-0.6046397076534197,1.3960878658280544,-0.9071784911875148,-0.551993410613892,1,0,-0.639009294812494,1,False,False,False,True,False,False,False,73.0904401535243
-1.32354894576676,-0.6861332002461511,-0.2929409144779446,0.8445743581752081,0,0,-1.1338360801856815,1,False,False,False,False,False,False,True,67.92958882919045
1.2388633751558928,0.6967578574240784,-0.6192257408326212,-0.20285146841661691,1,1,-0.8897873619454835,1,False,False,False,False,False,True,False,91.94462323675108
-0.6443741765985228,0.23117281920089824,-1.1638602184187667,0.14629047378065807,0,0,-1.6721257603014377,0,False,False,False,False,True,False,False,70.06946028805963
-1.5251694857443583,0.07960117486015937,0.986325690108262,-0.9011353528111669,0,1,1.3128780313707547,1,False,False,False,False,True,False,False,68.97311365871171
-0.28247598353397213,0.5967810330471204,1.2872999584187446,1.5428582425697581,0,1,0.5855793371492848,1,False,False,False,True,False,False,False,81.74305152381166
-0.7987239046484099,-1.2577170718050295,1.5922920392567788,0.4954324159779331,0,1,0.7624599204743067,0,False,False,False,False,True,False,False,71.40042116378686
-0.7097859419055927,-0.6629713380545496,0.4226840008231775,-0.9011353528111669,1,0,1.2393823208827215,1,False,False,False,True,False,False,False,69.56545394077557
1.3188424943007058,-0.26301106320293516,0.9119148804938135,0.8445743581752081,1,1,0.25477702304413913,0,True,False,False,False,False,False,False,87.72153704712844
0.649287621384466,-0.7510293849227957,1.7288619556716802,-0.551993410613892,1,0,0.9757683837325579,1,False,False,False,False,False,True,False,88.54690591648122
-0.4770929741112604,0.617244189733725,-0.7252351646172024,-0.9011353528111669,1,0,-1.0325258528376942,1,False,False,False,False,False,False,True,74.44998449163582
-1.5507819806025256,-0.7207609173405938,1.1480645953091193,-1.5994192372057168,1,1,0.2334728099459816,0,False,True,False,False,False,False,False,69.19314437729022
0.1862034421852762,-1.164621493611116,1.5620625428270547,1.193716300372483,0,0,0.9307532922305038,0,False,False,False,False,False,True,False,88.5967232615058
-0.7828263598108552,-0.24460056682518141,1.0521452111020106,0.4954324159779331,1,0,-0.8239661466632303,0,False,False,False,True,False,False,False,73.58727585286015
1.2525648772148972,-0.9856367727405999,0.684578565525794,-1.250277295008442,0,1,-0.9235332663205553,0,False,True,False,False,False,False,False,75.74823226548786
-0.3675280204437891,-1.4787437901080107,0.7365749720036565,0.14629047378065807,0,1,-0.10110552760159426,0,True,False,False,False,False,False,False,73.12946992092232
0.20617080155744774,-1.2090135194961265,0.12404698780922552,1.193716300372483,1,0,-1.2907857438434727,0,False,False,False,False,False,False,True,82.91047044499858
-0.31685274412875325,-1.047657862122942,1.4715601050215852,-1.5994192372057168,1,0,0.900869870809586,0,False,False,False,False,True,False,False,68.2724094726897
-0.08547714176990275,0.02203214137331599,0.5839022101917699,-0.9011353528111669,0,1,0.6263147124371568,0,False,False,False,True,False,False,False,71.58316625639407
-1.741417659391546,-1.7315139696935473,-1.599934522800721,-1.250277295008442,0,1,-0.18666302502813278,0,False,False,False,False,False,False,True,67.22109967935921
-1.4064993636619378,-0.7025101473111012,-0.7119055318177018,-0.551993410613892,1,0,1.48219472689257,0,True,False,False,False,False,False,False,80.08033043757187
0.3912798376988518,1.006006581218202,0.7705261988803433,1.5428582425697581,1,0,0.5185495137593942,0,False,False,False,False,False,False,True,74.24422105290891
1.0687759309469524,0.09586721992838121,0.47575381742773604,0.14629047378065807,0,1,-0.5274085712793507,1,False,False,False,True,False,False,False,87.80952509705592
1.2558098226156167,-1.0504002167543736,-1.4289854892354015,1.193716300372483,1,1,-1.1044787133543332,1,True,False,False,False,False,False,False,86.32516881485017
1.20831474569046,-0.8821848107906595,-0.14725625889563526,1.193716300372483,1,1,1.6118833769135497,1,False,True,False,False,False,False,False,84.79082442841512
-0.7005348141811966,0.04687413852304123,-1.262438395827291,-0.551993410613892,1,1,0.036231466341522814,0,False,False,False,False,False,True,False,66.23213006617978
-1.4632141243013916,1.3233477093060695,-0.7870065316948116,-0.551993410613892,1,1,-1.0092669619020151,0,True,False,False,False,False,False,False,71.54282748274463
0.28257179897197143,0.7298308307238052,0.19676706340494587,0.8445743581752081,0,1,-0.22212749447252522,1,True,False,False,False,False,False,False,79.55821443033956
-1.2240706940782142,-1.19764520099885,-0.27719224281367233,1.5428582425697581,0,0,-1.4131562810191687,1,False,True,False,False,False,False,False,62.95025497941604
-1.069696552499946,1.1985416327181968,0.05116444418609723,0.4954324159779331,0,1,1.453281498582883,0,False,False,True,False,False,False,False,66.18474115033203
0.36426707073887743,-1.1319329376148144,0.9469000123495891,-1.5994192372057168,0,1,0.505771457626662,1,False,False,False,True,False,False,False,83.07569262795542
0.07394479913819779,0.24945568926023534,-1.0665123861074128,-0.9011353528111669,0,0,1.1120475531993845,1,False,False,False,False,False,False,True,71.48229016652637
1.1578553902704394,1.338620831786351,1.498855791062464,0.4954324159779331,0,0,1.2797089305504032,0,False,False,False,False,True,False,False,83.3840260933279
-0.16733844511551596,-0.2852245415776337,-0.596305369233063,-1.250277295008442,0,1,-1.2507324612453132,1,False,True,False,False,False,False,False,73.2698957693604
-0.2445174688403524,0.34904976811480576,1.40828011733774,0.8445743581752081,0,0,0.5572356329148492,1,False,False,False,False,False,True,False,70.20728102641631
-0.3212880623857738,-0.6452530360437367,-0.6513899731434275,-0.551993410613892,0,0,-1.3038549725642303,0,False,False,True,False,False,False,False,66.304863051861
-0.30989332867078007,-1.1396011602513825,-1.5574090154185976,-1.5994192372057168,1,0,-0.4855385978261475,0,False,False,True,False,False,False,False,74.97728056174398
-1.2029471172772555,1.487220616361913,-0.25419445360943804,0.8445743581752081,0,1,-1.5067801334838744,0,False,False,False,False,True,False,False,74.38874933629147
1.1651184186906203,1.3163697361749722,1.599403587022335,-0.551993410613892,1,1,1.3900368101748792,1,False,False,False,False,False,True,False,86.12234939542616
-0.4224253639854846,-1.5179453951020425,-0.5113507294687282,1.193716300372483,0,1,-1.012942505265293,1,False,False,False,False,False,False,True,67.89021820853577
-1.1230338146440504,0.806788822061368,-1.2724727356021002,-0.551993410613892,1,0,-0.555446734483646,0,False,False,False,False,False,False,True,75.97826561353159
-1.2540442716404447,-1.7808873955804398,1.5364765427543707,1.193716300372483,0,0,0.10376231631405927,1,False,False,False,False,True,False,False,76.68428383317388
1.4357427703764953,-0.5454103259354827,-0.9253069549906364,-0.9011353528111669,1,1,1.4114196668989891,1,False,False,True,False,False,False,False,83.05468483972078
1.3342953979256182,-1.2600190424808755,0.8322648450645463,1.5428582425697581,1,0,1.6516921879204431,0,False,False,False,False,False,False,True,96.4521433678922
-0.8609607547196428,-1.2387225242206072,1.3714810848615082,0.8445743581752081,0,0,-0.010795826309514252,1,False,False,False,False,True,False,False,80.20604150306539
0.5530731301816955,0.5900759063277216,-1.3396017467241,-0.9011353528111669,1,0,-0.7546192412822365,0,False,False,False,True,False,False,False,81.27375409650702
1.3918026373829064,-0.5041337027053974,0.5282312357377382,1.5428582425697581,0,0,1.462271104046633,0,False,False,False,True,False,False,False,88.20566274109716
-0.21565668669629412,-0.18928814294578236,-0.49082529495642935,-0.551993410613892,1,0,1.2861326182078956,1,False,True,False,False,False,False,False,79.60890866210994
-1.5289380262507952,1.5361583018507114,-0.9238894518147605,-0.9011353528111669,0,1,-0.8416803038114922,0,False,False,False,False,True,False,False,61.39888771817561
1.4028919001045994,-0.8611359730050259,-1.0718247169404609,-0.9011353528111669,0,1,0.9587053479459866,0,False,False,False,False,True,False,False,83.78843868251245
1.1829082741672108,0.20460031306376714,0.6797334678215443,-1.5994192372057168,1,1,0.4097689537287793,1,False,False,False,False,False,False,True,87.35825906953346
1.4978245933338912,1.2904536011262193,1.0535935643650909,-1.250277295008442,1,0,-1.3407413104135553,0,True,False,False,False,False,False,False,84.58918212006182
0.6123952183547348,-1.5400456098775648,0.8161155176387248,0.14629047378065807,0,1,0.8210087086355039,1,False,False,True,False,False,False,False,80.05588357031704
-0.14616042357018463,-0.30050464531927723,-0.9818032672689168,1.5428582425697581,0,0,1.1688797843564396,1,False,False,False,False,True,False,False,74.61537841018321
0.14104115348584165,0.6705452242513644,0.7271815561900103,0.8445743581752081,0,1,0.4463343507570663,1,True,False,False,False,False,False,False,74.86247537123884
1.5515927938488652,-0.08575018293808569,0.22724327226875043,1.193716300372483,1,0,-0.4505688003020023,1,False,False,False,True,False,False,False,93.15131327422893
1.345869909056577,-0.14203446392244898,-1.1778510191070457,0.4954324159779331,0,0,1.1502553338041437,0,False,False,False,False,False,False,True,84.37745792736945
0.5636901923574229,0.1168554595912166,0.5733178678089881,-0.9011353528111669,1,0,1.672097656926222,1,False,False,False,True,False,False,False,80.01859291511454
1.6394239026065414,0.20824408944973324,0.027286694451428624,1.5428582425697581,0,1,1.0595644889887352,0,True,False,False,False,False,False,False,91.62295101595932
1.2232824125193484,-1.4735061702363395,-1.206558060518607,-0.9011353528111669,1,0,-1.1867938749271671,1,False,False,False,True,False,False,False,77.51480500128586
0.08505982033238546,0.36105546137883177,1.4926229156225879,0.8445743581752081,0,0,0.6914678793704581,0,False,False,False,False,True,False,False,79.13007292495517
-0.3142881971008248,0.43385446232348374,-1.685979507137821,0.4954324159779331,0,1,0.6349516747982779,0,True,False,False,False,False,False,False,78.48401742479824
0.6115844576707847,1.403732791136907,0.1416320168548122,-1.250277295008442,0,1,-0.3268208929905596,1,False,False,False,False,True,False,False,85.89818605259556
-0.34357942392536345,1.531613029986465,-1.318904668102004,-0.9011353528111669,1,0,0.28679899201504905,1,False,True,False,False,False,False,False,83.40112430029193
0.06569376785270617,-0.6305446933684844,0.4610401573467411,-0.9011353528111669,0,1,-1.4603750547706305,0,False,False,False,False,False,False,True,63.21657676999636
-0.9538709197315733,-0.6655623497458176,-0.14251431009522164,-0.551993410613892,0,1,1.217535842518715,1,False,False,False,True,False,False,False,73.22462576690991
0.22038557486516816,0.07202180068869538,0.9625441888963592,1.193716300372483,0,1,-1.3738552591268154,1,False,False,True,False,False,False,False,81.0498032003968
0.1290364058323037,-1.4628979926169392,1.0626117412139606,-0.20285146841661691,1,1,0.029426239452285577,1,False,True,False,False,False,False,False,79.19585224486673
1.3456009805079214,-0.11793308153457793,0.017206532657240498,-0.551993410613892,0,0,0.3141691926557791,1,False,False,False,True,False,False,False,88.29431991830587
0.8917991318181607,-1.5238145720333327,-0.36179618208202785,-1.5994192372057168,1,1,-0.3161230853246024,1,False,False,False,False,True,False,False,82.97342334090565
-1.1663250146363653,-1.1132098834110478,-1.2093470408462894,1.193716300372483,0,1,-0.6106586854795676,1,False,False,False,False,False,True,False,72.92881578485913
1.0249514002479396,0.3195095897475545,-0.30178111329664864,1.5428582425697581,0,1,0.5433555140869367,0,False,False,False,False,True,False,False,81.49782675728483
-1.0480255474346087,1.0386523866014865,0.20171865998002947,-0.551993410613892,1,1,-0.5448518503668078,1,False,False,False,False,False,False,True,69.23100378261557
-0.65516241146792,-0.26956362594123606,-0.4523666223419972,0.14629047378065807,1,0,1.2433462264311432,0,False,False,False,False,True,False,False,75.86536113995702
1.4478738701902878,-0.9501799642139381,-0.6405810428073537,-1.5994192372057168,1,1,1.5260377343849951,0,False,False,False,False,False,True,False,91.75553909552632
0.3756706864728551,-1.1208787269256104,0.7796473084580242,0.14629047378065807,0,0,1.0044655187982385,1,False,False,False,False,False,True,False,85.13385609164183
0.7074309465276072,1.3376915664569302,-1.2154942678747307,-1.5994192372057168,1,0,-0.8729109914274881,1,False,False,True,False,False,False,False,82.56068812241381
-1.3702102211664062,0.21169343934528448,-0.5101013254140769,1.5428582425697581,1,1,1.5311728460320595,1,True,False,False,False,False,False,False,67.73072438312461
1.6783650855242362,-1.3245840096322203,1.4667622289799758,0.14629047378065807,1,1,1.5222341643683033,1,False,True,False,False,False,False,False,96.12930554206513
-1.3427177466425597,-1.4792101574782623,-1.3213367958037174,1.193716300372483,0,0,1.2880151067892034,0,False,False,False,True,False,False,False,70.8375887326964
0.5736183745448901,0.3793549763998145,-0.35755603562625665,0.4954324159779331,1,0,1.3329162877823264,0,True,False,False,False,False,False,False,80.98170779606365
-1.7442634925530993,-0.7877987622755402,-0.5599489708198798,-1.5994192372057168,1,0,1.2172510512552537,0,False,False,False,False,True,False,False,65.35606147127491
-0.7984039596695911,1.6835011292963562,0.7892162003702505,-0.9011353528111669,0,1,-0.18653538561751076,1,False,False,False,False,False,False,True,72.04003409880633
-0.0003371110549938679,-0.5635336001234073,0.9515860886084265,-1.250277295008442,0,0,1.5718005449404602,0,False,False,False,False,False,True,False,77.12078031501296
-1.1339066125422905,0.9729696048663775,-1.3258219768380934,0.8445743581752081,1,0,0.5486622077625574,0,False,False,True,False,False,False,False,75.3485357126041
0.47770575284333816,-0.8008201909802773,-0.5139478191708943,-0.9011353528111669,0,0,-1.1946959560461183,1,False,False,False,True,False,False,False,71.39760851441484
0.9795725068046994,0.15850047469765494,0.6130031716027226,-1.250277295008442,1,1,-1.182756456694932,0,False,False,False,False,True,False,False,86.08527010293754
1.1905394252962305,-0.38724529524249174,1.6470099215986478,-0.551993410613892,1,0,-0.025148949328909806,0,False,False,False,False,False,False,True,93.38115408031368
1.755213768014724,1.241951182152714,-0.2824878075799655,-1.250277295008442,1,1,-1.3272603122588456,1,False,False,False,False,False,False,True,96.8270154708628
0.023562147823479738,1.7080332774406009,0.5405515413915037,1.193716300372483,1,0,0.5609870334933812,1,True,False,False,False,False,False,False,80.8873063825119
-0.8417535386390055,-1.3841936706975357,-1.687678593190194,-1.250277295008442,1,1,0.3528813641122761,1,False,False,False,False,False,True,False,69.22037410972067
-0.3431221069725635,0.033027232921343616,0.5602766753174828,0.14629047378065807,0,1,-0.11976458383974144,0,False,False,True,False,False,False,False,60.91932103225366
-0.9217612149932055,-0.8607264656015567,-0.8872606052086482,0.4954324159779331,1,1,1.627890445361513,1,False,True,False,False,False,False,False,75.53856591079501
0.9019757320692812,0.6429152867010853,-1.0321969985104986,1.193716300372483,0,1,-0.1382957167265224,0,False,False,False,False,False,False,True,79.79984375099583
-1.6708545503478431,-0.6575269700304699,-0.4638060188251064,-1.250277295008442,1,1,0.8374058960223156,0,False,False,False,False,True,False,False,71.54910416615894
1.4233492142560502,-1.5573895517680414,1.703048163441581,-0.9011353528111669,1,0,-1.696834424381166,0,False,False,True,False,False,False,False,84.69091054055431
0.49274647408458444,1.3186919925921192,0.014873475902982526,-0.20285146841661691,1,1,-0.2391118588764363,0,False,True,False,False,False,False,False,83.60757994011098
0.7579248358023883,1.0460716996706347,0.793611377369974,0.4954324159779331,1,0,-0.07935848468133909,0,False,False,False,False,False,False,True,75.65001746965481
-0.2013076656327441,-0.8332565444661926,0.5458065655853443,-1.250277295008442,1,1,1.5708872901573578,0,False,False,False,False,True,False,False,75.87689147812918
-0.21245470134806638,-0.7433031969771632,1.301303762797538,0.4954324159779331,1,1,-1.28816253039736,0,False,False,False,False,False,True,False,81.09720608682159
-1.515191027446133,-0.013833507841280207,1.5378955358504491,-0.20285146841661691,0,1,-1.576177124442138,1,True,False,False,False,False,False,False,65.30920333087973
0.46581802919918625,-0.8652871362641258,0.5577032245644563,-0.551993410613892,0,1,-0.030066820544750666,1,False,False,False,True,False,False,False,76.12563633762042
-0.6256185650318687,0.6022067519069575,0.2657110092612568,1.193716300372483,0,0,0.9582953419759306,0,True,False,False,False,False,False,False,73.72564333172613
-0.5346621320178723,1.5064006721190684,0.16696483060482065,1.193716300372483,0,0,-1.114900393752618,1,True,False,False,False,False,False,False,70.17277013664147
-0.889440163911302,0.4928799970029489,1.1865711216444637,0.8445743581752081,1,0,-0.17430212604733988,1,False,True,False,False,False,False,False,67.4671913764481
-1.0783841440689284,0.0928653630472509,-0.015893929540133096,0.14629047378065807,1,0,0.3322542463930512,0,False,False,False,True,False,False,False,76.65420850037307
-0.3538124596378636,-1.1929474864680722,0.2342742913181083,0.14629047378065807,0,1,1.0389274898181438,0,False,False,False,False,False,True,False,74.08847512819422
-0.7938204037837678,0.8263827444803208,-0.5077059120150113,-0.551993410613892,0,1,-1.417212350585793,0,False,False,False,True,False,False,False,70.68157321525482
1.6565228265909526,1.3202315823101174,1.6567049386956962,-0.9011353528111669,0,1,-1.073189414440848,1,False,False,False,True,False,False,False,89.39200618617744
1.1856656616259422,0.6285893765458852,-0.535030481994386,-1.5994192372057168,0,0,1.6944264511709233,1,False,True,False,False,False,False,False,82.97682702420613
-0.431855252675023,-1.4983265419433514,-1.2781441422880453,1.5428582425697581,1,1,-0.8141503567758451,1,False,False,False,True,False,False,False,82.21006924138484
-1.135850292860588,-1.472746054810232,0.07568437523866357,-0.9011353528111669,1,1,0.15070420221809339,0,False,True,False,False,False,False,False,73.55268633093475
-1.3299787528395515,1.0826239870395296,0.6896224926672935,0.14629047378065807,1,1,-1.048396660850875,1,False,False,False,False,False,False,True,77.21726257918638
-1.4115840870800958,0.5394159194649998,-0.01620235446323321,-1.5994192372057168,1,1,-0.2992477190642789,1,False,False,False,False,False,False,True,75.6426657882866
0.5516707722065588,-0.4823441172516902,1.2862452796065085,0.4954324159779331,0,0,-0.5621878507152042,0,False,False,True,False,False,False,False,79.10797904501618
-0.8345834336812814,1.6758054294467606,-0.8679088398620859,-0.20285146841661691,0,1,1.6716591940902252,0,False,False,False,True,False,False,False,72.99207937332126
-1.1002135584003092,-0.49637894106669117,1.2417792532836134,-1.5994192372057168,0,0,-0.38217504611504416,0,False,False,False,False,True,False,False,67.25414245900059
-0.16073673484283177,0.2740397238163842,1.076850789701991,-0.20285146841661691,1,1,-0.7393072724065776,1,True,False,False,False,False,False,False,80.13297259872593
0.371708228072594,-0.11163625845989186,0.20346414377822264,-0.20285146841661691,0,0,-1.1889166650994338,0,True,False,False,False,False,False,False,77.5451627844336
-0.9138659974824821,-0.49133730113740826,0.5977328677943832,1.193716300372483,0,0,1.6744610616162685,0,False,False,False,True,False,False,False,73.93699973318839
0.26178887070215956,0.4230703433320855,1.177648926723865,1.5428582425697581,1,0,1.5113897292564031,0,False,False,False,True,False,False,False,90.68396397094024
1.3250852831425652,-0.561602696663638,0.2808978771186489,1.193716300372483,1,1,0.25657993866292667,0,False,True,False,False,False,False,False,84.48618077210722
1.7639122584542617,0.8113766673924776,-0.0216972267112902,-1.5994192372057168,0,1,-1.569840546142632,1,False,False,False,False,True,False,False,74.65312777725045
0.8795136382553795,-1.0646069435422818,-1.6892911416276946,-1.250277295008442,1,0,0.8875802483654998,0,False,False,False,False,False,False,True,76.26071511837159
-0.26972840872629567,0.001672016277321018,-0.32038200759083457,-1.250277295008442,0,0,-0.7305309821725521,1,False,False,False,False,False,True,False,64.04592358287672
-0.7267819039259596,-0.040585231386532965,0.9387080440599525,-0.20285146841661691,1,1,0.49417692106319777,1,False,False,False,False,False,True,False,77.31037564861082
-1.2804095340855706,0.3200360763374997,-1.2670120526941686,0.4954324159779331,0,1,1.0778146184612112,0,False,False,True,False,False,False,False,74.94897980032893
-0.2239555891585572,-0.3036818033579011,-0.4805969864014654,-1.5994192372057168,1,1,1.0650963780871692,1,False,False,False,False,True,False,False,78.70128232907643
1.7579436743565018,-0.5411181942697312,0.9389180276897948,1.5428582425697581,0,1,1.4357517930928378,0,False,False,False,True,False,False,False,85.17024089526305
-0.3831876843818029,-0.39894416208359235,-0.7025581124539788,1.193716300372483,1,0,-0.1776009458685793,1,False,False,False,False,False,False,True,83.94589322772642
1.5177079647077414,1.555321194567833,0.628716914448127,-1.5994192372057168,0,1,0.34648639046166935,0,False,False,False,False,False,True,False,74.34243803823186
0.7919790861395724,0.6386238268505668,-1.6924079629074857,0.8445743581752081,0,0,0.1969642283483753,1,True,False,False,False,False,False,False,84.74009750298251
1.4124530832975002,1.2133330119062595,-1.337775045603455,1.193716300372483,1,1,-1.0201590523166786,0,True,False,False,False,False,False,False,95.5707996894436
0.1898963340451086,0.7172540867022723,-1.6503719335823002,-1.250277295008442,1,0,-1.4559653906754524,0,False,False,False,False,False,False,True,79.29740483103579
-1.4485634730365742,-1.0179264842984583,0.8186861727165122,0.8445743581752081,1,0,1.4552284122884624,0,False,False,True,False,False,False,False,66.56248893051789
-0.5653657615660126,1.1978026762090803,0.7907572046706902,0.4954324159779331,1,0,-0.476762721750095,0,False,False,False,False,False,True,False,83.39737387132985
0.34979471457327455,1.2210612213985883,1.589895199284113,-0.20285146841661691,1,0,-1.3001795398660565,0,False,False,True,False,False,False,False,84.07356121613094
-0.9583937882513597,-0.5472523579807996,-0.6418469052470943,-1.250277295008442,0,0,0.6186657261253286,1,True,False,False,False,False,False,False,68.01886834133008
0.18684980483665273,1.4785190806426354,-0.8456329666438093,0.4954324159779331,0,0,0.5661867563635262,0,True,False,False,False,False,False,False,79.29216968690613
-0.21346011843993476,0.19580421422545816,-0.799512743686967,1.193716300372483,0,0,0.12466853680834775,1,True,False,False,False,False,False,False,72.42289482353563
0.6318464943841553,-0.29606042534421817,0.5033174143287846,-1.5994192372057168,0,1,-0.46099982787096155,1,False,False,False,False,False,False,True,78.65715747769653
1.1930371408531122,0.42906407476255914,0.9234840900151592,1.5428582425697581,1,1,-0.8939778760598683,1,False,False,False,False,False,True,False,92.0584687253053
-0.3100311915932794,-1.7017285125392896,-0.9889697630753822,-0.20285146841661691,1,1,-1.3832652004264225,1,True,False,False,False,False,False,False,73.4805150982396
-1.3137369380897332,-1.200131254089902,0.7022523685464301,-1.250277295008442,1,0,1.0424659703005779,1,False,False,False,False,True,False,False,75.18282328680533
-0.5194543183601736,0.6404572790554623,-1.5991836477804218,-1.5994192372057168,0,0,-0.6703030455498185,1,False,True,False,False,False,False,False,72.96232564251345
-0.7240935616105499,-1.6320064209114702,-1.1338542140105126,-1.250277295008442,0,1,-0.9413085594875774,1,False,False,True,False,False,False,False,79.48897674468682
-1.4161499998159317,1.453480951499122,-1.0493405731559324,0.4954324159779331,0,1,-0.33859194162804024,0,False,False,False,True,False,False,False,71.9759077409931
-0.053149798022601814,1.3926644962091987,0.07549656686157304,0.8445743581752081,0,0,0.6915312590951151,0,False,False,False,True,False,False,False,70.05016651805498
1.7568558988727019,-0.0457094296971956,-0.3371851771801548,0.4954324159779331,1,0,1.4206593867077022,1,False,False,False,False,True,False,False,88.62840258913243
-0.7846386374744444,-1.083883618119017,-0.558701457331177,1.5428582425697581,1,0,-0.6670425760307057,1,False,False,False,False,True,False,False,74.72368766729738
1.769270507087964,-0.6050246173079918,1.2696985538953132,-0.551993410613892,1,0,0.6831788358894613,0,False,False,False,False,False,False,True,86.84048949236032
0.8692449404173264,1.1116384568471316,-1.4847194636764889,0.4954324159779331,0,1,0.10510846122430952,1,True,False,False,False,False,False,False,74.32750630049969
-1.6585389352868607,-0.11262439485813165,0.45484820677689747,-0.20285146841661691,1,1,-0.28189559882572857,0,False,False,True,False,False,False,False,63.29866799894341
1.6314685118142784,0.9497888597711356,-0.14544014407745484,-1.5994192372057168,1,0,-0.38887828749812536,0,False,False,False,False,False,False,True,90.27979417843638
-0.30172043658934067,-1.7178601395242925,1.2343954165155375,-0.9011353528111669,1,0,1.5329450437383003,0,False,False,False,True,False,False,False,71.08156769592276
-1.1166375230258743,-0.09640597971949592,0.716615639503613,-1.5994192372057168,0,0,-0.8759330145429547,0,False,False,False,True,False,False,False,65.4436109901146
-0.6571525932323246,1.2966377108386646,-1.4943904540358157,0.4954324159779331,1,1,1.2454781071380563,0,False,False,True,False,False,False,False,72.51223872311743
-1.1750023110961536,0.4170259703927155,1.485060539301611,-1.5994192372057168,0,0,-0.18780339216879943,1,False,False,False,False,False,True,False,64.627594677649
-1.3649474560032144,1.5706524991719881,1.491185646529745,0.4954324159779331,1,0,1.5045013991509457,1,False,False,False,False,True,False,False,69.59831784607292
-0.06364034549665891,0.41102826705756473,-0.1513509681043066,-0.20285146841661691,1,1,0.5369147729058895,1,False,False,False,True,False,False,False,75.91929167459848
1.24853799814133,-0.6386176287899863,0.464308844132043,-0.551993410613892,1,1,-0.5543064508028938,1,False,False,False,False,True,False,False,90.07860083748253
-0.1540447479254707,0.10911584933322045,0.959562526699944,0.4954324159779331,0,0,1.5732629126215805,0,False,False,False,False,True,False,False,79.8130611608758
-0.07168863626840032,-0.7340760350849811,0.7644503400307554,1.5428582425697581,0,0,-0.09797218374288093,1,True,False,False,False,False,False,False,72.35976105738673
0.9195940003304636,-0.578580656859834,0.0758567123661384,1.193716300372483,0,0,-0.7889699167378844,0,False,False,False,False,True,False,False,83.13482273943058
-0.932457399793736,0.8691936732165275,1.5108108286312507,0.14629047378065807,0,0,0.40621451490246346,1,True,False,False,False,False,False,False,69.88707787274514
1.2559566474858357,-1.3215977733086992,-0.7471718146658141,0.14629047378065807,0,0,1.0160598215574956,1,False,False,True,False,False,False,False,79.68546683354299
-0.6427513613114743,-1.5265610295644196,-1.6860954070645997,1.193716300372483,1,1,1.3606227733147178,1,False,False,False,True,False,False,False,85.94836369953953
0.13359031014384884,0.9734157616279198,-0.007878539655684389,-0.9011353528111669,1,0,0.836765605920498,1,False,False,False,True,False,False,False,74.25802409708585
0.7128597920805312,-0.3423314791872314,0.5627217306151612,1.5428582425697581,0,0,0.053882509244803825,0,False,False,False,False,False,False,True,76.35641844307433
0.03447523130884332,-1.1995410854605901,-0.595158303817226,-1.250277295008442,1,1,1.505189189894402,1,False,False,False,False,False,False,True,79.64349269579574
0.702340839426615,-1.3779681879986376,-0.10378165653310528,1.5428582425697581,0,0,0.28101855602395853,0,False,False,True,False,False,False,False,70.99655425851765
-1.1659650804314128,0.4799490084073842,-1.6621363067150958,-1.250277295008442,1,1,1.4777347695126912,1,False,False,True,False,False,False,False,82.10633650259106
0.942347179480279,-0.49561499539146436,1.2142345952245917,1.5428582425697581,1,0,1.5746533932272326,0,True,False,False,False,False,False,False,88.26987975088674
-0.40682430626814126,-1.308234894410719,-0.6818686542791231,1.193716300372483,1,1,0.6711431755356143,1,True,False,False,False,False,False,False,83.56867192157476
1.7357283835864052,-0.3407799315705247,0.616985042589598,0.14629047378065807,0,0,-0.02679944804289791,0,False,False,False,False,False,False,True,86.33804990538727
1.3282248710691902,0.41018941818966725,1.7342135442461846,0.4954324159779331,0,0,-0.20813601571713505,1,False,False,False,True,False,False,False,76.76750273188506
0.6498954433787731,-0.10747291325793414,0.48451049183796324,-1.5994192372057168,0,1,0.6301944702458655,1,False,False,False,False,False,True,False,69.9896271416063
-0.2788117680765771,0.16372165955173104,-0.37487788681726497,0.8445743581752081,0,1,-0.4619056832942863,0,False,False,False,False,False,True,False,71.83354857652225
-1.0170625617692433,-0.5194046423208803,-1.7203796965861688,-0.20285146841661691,1,0,0.32360586776512684,0,False,False,False,False,False,True,False,76.93341383494749
0.151083173633354,-0.18779558685445413,1.6941691672088037,0.8445743581752081,1,1,-1.3582319976557822,1,True,False,False,False,False,False,False,85.93800098311877
-1.291027263996489,0.45290497106469607,-0.15233358003236716,-1.5994192372057168,1,1,-0.775237637781902,0,True,False,False,False,False,False,False,73.76491766482671
-0.0312108659722763,-0.661327068867456,-1.1394645854144105,1.193716300372483,1,1,0.05793522726329691,1,False,False,False,False,False,True,False,81.37491574540242
-1.5266091094735303,1.4249874867364807,1.344067365201163,-0.20285146841661691,1,1,-0.47755390497065237,1,False,False,False,False,False,True,False,64.16044094043943
-1.109162950834503,0.028704382558092014,-0.8433011108809064,0.8445743581752081,0,1,0.9351408386222579,0,False,False,False,False,False,True,False,70.64422480750918
-0.8257733046288219,-1.2501558538042457,-0.45610717437765996,0.14629047378065807,1,0,-0.43072163416656745,1,False,False,False,False,False,False,True,77.15619924801943
-1.1647376173367954,0.09064741322836554,0.9721776182361143,-1.5994192372057168,1,1,0.8586276697619805,1,False,False,False,False,False,True,False,67.00711451695811
0.3015095068283152,-0.6431038377047744,-0.4667868863282223,0.8445743581752081,0,0,0.552821876202026,1,False,False,False,True,False,False,False,83.07131441497877
1.070882085464254,-1.6193755635132647,1.210373567308365,0.8445743581752081,0,0,0.8529922412399142,0,True,False,False,False,False,False,False,87.40830975238782
0.03491614031354203,-1.6549972651227114,0.19320160543982828,-0.551993410613892,0,0,-1.1340155892666974,1,True,False,False,False,False,False,False,81.38515480436469
0.859119332110713,1.0236867590878005,0.8427648192148522,-0.551993410613892,0,1,-0.2831563526882225,0,True,False,False,False,False,False,False,85.5562355803149
-0.14352623169228124,-0.6616187806110578,-0.9381976990566305,1.193716300372483,0,1,-0.05119597716568195,1,False,False,False,False,False,True,False,71.35978102574492
0.01979951759332587,-1.516496834504455,0.31638073774152303,1.5428582425697581,1,1,0.6676453669560015,1,False,False,False,True,False,False,False,77.81280294078492
-0.48702675745332386,0.8103293108927427,0.008687611866920276,0.14629047378065807,0,0,-0.36128827560995974,0,False,False,False,False,True,False,False,74.0082941341654
-1.266370228412856,0.5059865254719843,-0.7935669917719368,-0.20285146841661691,0,0,0.5271451452815724,1,False,False,False,True,False,False,False,67.44994385267421
0.6315290707916478,0.6544049290406612,-1.46751133809636,-0.20285146841661691,0,1,-0.5499873048359442,0,False,False,False,False,True,False,False,87.4288443887374
-1.173661881752906,0.48534941788280644,-0.33084971470991786,1.193716300372483,1,0,-0.7951972256984282,1,False,False,False,True,False,False,False,73.9448971603819
1.3398334296082157,-1.0684066086341273,-1.2011443340947012,-1.250277295008442,0,1,1.1988718072668831,0,False,False,False,False,False,True,False,79.66377870761887
-1.3112374198459158,0.9052836614312053,1.5612772264779455,-0.551993410613892,1,1,0.9670662885608508,0,False,False,False,False,False,False,True,67.04524826669969
-0.11938548825526232,-1.1878925252685824,0.7939617687742562,0.14629047378065807,0,1,1.4608217139673658,0,False,False,False,True,False,False,False,75.14601170132461
-0.6431236771662906,-0.6159397932516302,-0.8407280518913571,0.8445743581752081,0,1,-0.7623431558488377,0,False,False,False,False,False,True,False,68.30644775131655
-1.5474505368172202,0.5543824154036766,-0.4877903816287388,-1.5994192372057168,0,0,1.0471773413279888,0,True,False,False,False,False,False,False,77.43311988645691
1.0802576312618626,0.25293435747495835,-1.6722815603169519,-0.551993410613892,0,1,1.550861079233784,1,False,False,True,False,False,False,False,85.27102849193884
-0.9681342996512893,-1.5806523988485999,0.7572447891041821,0.14629047378065807,0,1,-0.4296378727169649,1,False,False,False,False,False,False,True,62.72987331802409
-0.3788512835298762,0.2444703759683803,-0.42584297951796124,-0.20285146841661691,1,0,-0.9231416865758665,0,False,False,False,False,False,True,False,73.6212367690306
1.4768104649979543,0.4156505378397618,1.0570494181979417,0.4954324159779331,1,1,-0.5969721559499488,1,False,False,False,False,True,False,False,86.78020327168382
-1.2645183977818144,1.677470684917961,-1.2814877982765398,-0.551993410613892,0,0,0.49291884810252895,1,False,False,False,False,False,True,False,71.77578114103045
-0.8331556734359994,-1.358654088254675,0.028965699172310476,0.4954324159779331,1,1,1.3750188072268112,0,False,False,False,False,False,False,True,74.63895632109018
-1.0551526381982155,1.539278323517771,-0.5118827601744047,0.4954324159779331,0,0,-1.012721559636857,0,False,True,False,False,False,False,False,64.90307781558754
0.9310249432654897,0.8079916049164934,1.2277127471978035,1.193716300372483,0,0,-0.35770933914248815,1,False,False,True,False,False,False,False,93.63964381269945
1.3228386781034267,-0.14384205603559017,-1.148611164707551,1.5428582425697581,1,0,-1.2621339325243541,0,False,False,True,False,False,False,False,83.29946207312125
0.5906905750699009,1.0297853824393242,0.13743536754480665,1.193716300372483,1,0,1.5427633664372438,0,True,False,False,False,False,False,False,89.96406418213438
1.2828229393650619,0.4057418905379291,-1.4568243196865684,0.14629047378065807,0,0,0.6934568548659139,0,False,False,True,False,False,False,False,82.30669218855468
-0.40395251482851485,0.21856739953213544,0.7117611038581227,-0.20285146841661691,0,1,1.2143581098060787,1,False,False,False,False,False,True,False,66.57731967729397
-0.697137766138873,0.3905141510030302,-0.6235970509651451,0.4954324159779331,0,1,-1.697152799490631,1,True,False,False,False,False,False,False,72.75347139283858
0.0551375049578815,-1.654673018922342,-0.6624681857519203,-0.551993410613892,1,0,0.6054251959224766,1,False,False,False,False,True,False,False,76.95038939185675
-0.6809763258148143,-0.32649518692516133,-1.6717110562980033,0.4954324159779331,0,1,-1.4502194006456421,0,False,False,True,False,False,False,False,71.54531130791871
